Sequence,predictions
AATCTCTGTTGTTGTTATGCAAAAAAGGAATAATGTAATGTATTATGGGCCCCTTCTGTCGGCCTAAAAGTTTTAGGTTCTTAGTTTGATTAGTTTTACATTATAAGGTATTTTGCTCTTAGTAAACGCGGTCCATGTTGTTTCATTTCAACAACACCAAATACAATTTTAAATAAATTTAAAAATTAAATATTTAAAGTAAATGCGTAGTGCTATTTATAATTTCTTCATATACATATGTTCCTCGGTAAATTGTAATCTATTAATTATCTTATCTCTATTATTATTATATTATCCTTTT,0.0
TTCTCTAAGAAAGTCGATGCTAAGCGGATGCTAAACGCAGGGCCGGGGGCAACTAGAGAATCTTCTGTCAAGCGGGGGAGAAGTGATCGGAACCGTTTTTATTCTCCTGGAAATTCCCATCAAATTTTTCGAAAATGATCAAAGAATCATTTGCCTATAAGCAATGCCAGTGCGCCTCTCAAGCGCACGAAGCCTGAATAACAAGTGGATCGACCGTTCGTCGCTCCGTCCTCCTCAGCATACAAAGCAACCCAAGCATCCTCGGCACGCCCTGCGCCCGGTCTGCAACCCACCGCCTTCG,1.0
ACATTTTACGGTCTTGCGTGTGTATTTATTGTTCGTACAAGTCAAAGCAAAAATACTAAGTAAACTAAATTTAAACTTAACAATTGTTTCCAAATTTCAATTGTATTCTGGTCTAACACGAAGAAGCCGAAATAAATTTATTATACAAACTCACCGCTTTGTTTTACAAAGGGTATTGCCTAGTCGGCTTTGCCCATGAAAAGCTCTGCCAGGATGGTAAACAAACTGATTTTCGGGGATGGAACTTTCGACGACGCCAGCTGCTTGCAGTTAGCTTTCACTCTCTCCGCTCGGGCTTTGT,0.0
CACTGAAAAAAAAAGAAAGGCTTATTTACTATTAACAACTTTAATAAATTTGTTAGCCATAAGAATAAAAAACTGAACTGTAAGTTACTAAGTAAGAAAGCCATTGGCAATTGAATGAATAAACTATGCAATAGTTTTGAAAGCAATTATTCCTGACTTAGACAAATAATTCTAATAAATTAAAACCCCAAATACCAGCTATTATTAATTTGTAGTATAACCAAATTACTGTAATATATAATTATAAAAAAATTATCTTAAATTATATTAAGCCATATGTTTTTTTTCTCAGCAGTATATT,0.0
GGGAGTGGCAACATGGGCTCACAAGTCTAGATCGACTCGGCTATTGATCCTGATCAAGCTTCCTTCTGCCTGTTACATACTATTCAATGAATCTAGTATACCCTTTTAATCTAGGAGTAACGGGTAAAAATATATTATCTTAACGCTTCCTTCTACCTGTTACATACTTTTCAACGAGTCTAGTATACCCTTTCAGTCTACGAGTAACGGGTATAAAAAGTCGAAGCTCTTCCATTTCTTTCGCATATATGTAGTTTCGGATTGGGGCCTGATAAGACCCCGATAAGAGGGCAGTATGGAG,0.0
ACGAAAAATTTAGACTTTACTGATTTGTTTTACTTCTGTATCGGTGGAAACACGAGTTTACGTTGATCAAAGTATTGTGATCGATAGCAATAAAATTTTGATTTTGCAAATGTGTCTGCACCAGATATAGATTTATTAGTTTTCTGTTTTTGTGGTAAATAAGATTTAAATAAATTGAAAAGTCGAATTATTTTGTAAGTACCAAACCACATATATTATTACGTTTTTCAAAATGACTTGCGGTCGGTCGTGAGAAAGATTTATGTTACCTAAAAAGTTTAAATGTTTATGTCGTATTGAT,0.0
ACACATAATAATGTAATAGATTTACGGTAATGAGCGCGTTTCTCAACCAAGTTTCCGGGTTCAACATCATATAAATAGGCTATTCTCCAAATCATAAGATATAACTGCTTAGAATGCGATTCATATTTGTTCTGCTCTTGGCCCTTCTCGGCTGCCTCCTGTTTGCCCAGCAGGGCTGCGAAGCTACGGGAACGAGCACTGAAAGCTCCTCGGATAGTACCAGCGCCTCGGACACCTCCACTACCGCGTCCTCTTCCTCCGACACAACTGAAGCCTCAACGTCTTCCGACACCACCACAGT,1.0
TTCTGGAATGATACTAGTGCTCAGCAACGCCAAAACAGTCAATAATAGATATTTGAAGTGTCAGCGGAATCGACGTCTGACAAAACAACTGCTTCACTTCATTAGAATTGTGTGATATATTCCACAGACCAGATCATTGGAAGAGAAGTCAATCGTGCGTGAGAGAAGCCAGAAGAGAAGCCACCCGCGACATTCCGAAGTAACCATTTCTGTAGGGTCAGACGTACATACAAACAACATTCATATAAATTGCTCGTGCTGTTCATTGGTTACCGCCTTTAGTCGCTACCTCGCTCGCACA,1.0
CTATCCGAGGAGCTTTCAGTGCTCGTTCCCGTAGCTTCGCAGCCCTGCTGGGCAAACAGGAGGCAGCCGAGAAGGGCCAAGAGCAGAACAAATATGAATCGCATTCTAAGCAGTTATATCTTATGATTTGGAGAATAGCCTATTTATATGATGTTGAACCCGGAAACTTGGTTGAGAAACGCGCTCATTACCGTAAATCTATTACATTATTATGTGTGTTAAGACTCAAGAGCAACGTTTAAACTATATGGCGGCACACATAATTTCTCAATCTGAATAAACATTACCAAAATTTACCTTA,0.0
ACCCGACCAGAAACTGCATGAAATAAGCAGCACTGTCGACAGTCAAAAGCTGCCTGCTTTTAGCCAGCCCAGTCGAACGTTTCTTCTTCTTCTTTGGCCCAGAAACAACTTGTTGAACGAAAGAAGGCCAGCTCTCTGTTTTGTTGCTCCACGCACACACATTCCGACGAGTGTTACACGTCACCAGATTAAAGGAACTATCGCAAAAACTATCAGTGATAAAGATGCGCCAGCTGAAGGGAAAGGTGAAGGAGACGCGCAAACAGAAGAAGGAGCGCAAGCTGGACAACCTGGAGACCCA,1.0
AGCTGCATCGAGGCTGCTCTCGCGACTTTGGGCTTGCGTCGCAACAGCACACACAGTGCTGTTAGTGGCGCCCTCCCGCTCTCGCATTCGCACGCTTCTCAGTCTGTACACGTCGCTCGATCGCATTCGTCATTTTTGCTGCGTTGCGCGTGTCTACCGACAAGAAAACGGGGAGCATATAAGTGAAATAAGGCGATATCTTTTTTTGTGAATCAAAACAGTCTGTGCTCCATGTGACACATTTAATTAAGCCTTCCGCGCCCCCCTGCAAGCTGTCGCGTGAGTCGAAAGAAACGGTGCT,1.0
CCGTCTGCCCGTCTAGTCTCTCAGTTTTAAAGCTTTTCGCATAACTCTTTCCTCTATTCCTATAAGTCGTAACCTACGTAATACGACAATAACAAATTTTGGTTTTAACTTGAATAAAATGGGACTACAATATCAATTACAGCTAGACAGCTTTGATTTTTAATTAATCTTCGACCTGCCGATTTGTCTTCCGTTTGAAAATTGTGGTTTTAATGTGGTTCAGACTTCATCCCGAATGTAAAACACTTATGGGAATAAATTAAATTATCTGGTTAAAAGAAGTTGAAAGCATTAAAAACCG,0.0
TGCAACAGCACAAAACTGTTAATTGGGTACGCAAAGCTCAAATGAAGAACAAATAAAACACCTTTAACTCGTCAAGTGCTGCGATTTTTACTCAGATAAGATGTGAATGTACATAAATAGGTTATACCAAATATTTCCTTCAGACGTGACGTGGTCGCCATACATAATTAGGCGTAAGAAGCGTTATAATATTACCTTTTTATCTCGTTTTCAACGAGTTAAACCCGGCTCACTATCAATAATATATCGATCGACTCTTTTACTCTGTTGACCTTACAAGCCCAAGACATTGACGAGCTGG,0.0
TCAAACATATTTTTTTAAATTTTTTCTCATTTCATTCCCCAATATCTATCGATATCCCATACAAATGACGAAATTTCGCGTTTGCATTCCCTCAAGCTGAGTAACGGGTATCTGATAGTCGGGGTAACCAACTATAGCAATCTCTCTTGTTCCATTTCCAGACTATTACATCTGTTTATTCGAATTCGGAATATCATCAAGAGTAGCTGGGAGTATCATATCATCAAGAGTACGGGTATTAATTAGTCACGGGAGTGGACGGTATTTGATGGTCGAGGAAGTGGACTATTGCGTTTTCTCC,0.0
CCAGTGTGGAGCTGCTGATCTCCTTTTATGAGTCGCCCATATCGCCGTGTGAGAACGTTAGCCTGAGCCTCAACTGCCTTCATTGTGCTGACTCCGATGAGCTAGGCATACACATTCGACCGGAGAGCATCCACTGTTTTGACTTCTCCTTCTCCTACGTGCGGGACCTGATGAAGCACTGTGGACTGTCGCCGGCCACGAAGTTCGATCGCGTCGCCATTTTGTATGCGCGGCGGGTTCCCAATCGTGATATTCCGTCTGGGGCCGCCAGGACTCGGCCTTGGACCCTGGGACTCAGGCT,0.0
CCGTATAGTATGGCTAAAGAAAAATGCTAAAATCGCAGCACTGCACGCTCTCTGTCCTCTCACATTCTCTTTCACTCTCGCTGCGGGAACTCGAAGTTCCAGTCGGAACGTCAACGTCGAGTGGGCAGTCGTACGTCGATTGTTGAGCGGCTGTGGCACATATATAAACAATAAATACAATTCGTAATTTTAATTGAATTAAGACAATAACAACAACGGTTTCTGGGACTCGGTTGCCTTGCCATATGTGACACAAAGCACACACATGCGACCGTAAACTCAGAACTCTGTATTTGCGCGA,1.0
GATATAGAGTGGGCGCGTCCGTCTATGTCTCTAGAATCTGTGTTCCTAATCTCAACCTATTACGCCGTGTGTTATTATTTTAGCATGTTAATAAATTATTTGAAATGTATTTTTTAAGAACGTTTAATTTTACTTACGGCTTCCCTTTTTCCAAAGTACGTCATGGAAACACCAATTTGAAAACACCATTTTAAATTGTAATCTTTATTTATAATTTTAGCTGAAGGGCTATTTTTTTTTGTAGAATACCAATTAATCAAATAATATCATAGAAAATATTTCGCCAAGGAAAAAACAAAAG,0.0
ACTATCGACGGCTAGTGGAAATTACACTGCAATGTTAAATGCCAGCCACTCCAGAAAAACGGCGAATCTGATCCGGGACAGGACGTCCCGCACAGCGATTGAAAAGAAGAGCAAATGCGATATATTTTTTGTTAAGAACAAAGGATTACCTAAGCACTTCAGTAGTTTGTGCTTCAGTACGTAGCAAGCAAGAATTGAAATAAATTATTATGAGACAACAAACTGGTTTACCTACTGTCCCAAACACCTCCAAGCGTTACCAAAACAGTTCCCACTTGGGAGAACGAGAGTGCTTATCCGC,0.0
GTGGGGCACCCTGCGATATCATGCTAAAAACTCATACATAACCAGATCTTGGCTATCGCAAGGCTCTTCCACATTAGCTCCATCAAGCACTTACACGAAGCATCGCCGACGCACGGCACGAATGGACGATACACTTCACTTCGCAGACCAGTTCCAAAAATAATTGTGCTCAAGTGCGTGGTCGAATGCGGATCGACAAATCCGGCAAGCAAAGACCAGAGTCGCTGTCATCGACCAAGTGGTTAATAAGTTCGTTGTTGGGTTTGATGAGCACTCGACTCGGCGGGTATGATTTCATCTC,0.0
GGAGCGGAGCAGAAAAGAAAAGCGCCATTCGCTCACTTTCTCTCCGGCTCTCTTTGTGCTGCTGCGCCAATTTGCAAGAAAACTAAGTTGGTTTGCTGTGCAGTTGTGACAATCGTCGAGGAGAGCAGCGGCGCACTCTCTAAAAGGAAGCTGCCAAGCCAACGAACGGCCAAGCGAGAGGTGACAAGTGAAAAGTGGCAAGTGGATGTACCAAATAGTGACAGGTTCACTAGTAGTAATCGCAAGTTAGCTGCCCGTTTGGCTGCAGATTTTCGTCAAAGTTCGCTATTCGTGTTGTTTT,1.0
GTTGTGGTCGTCGTCGAGGATGTAGATGTGCTGCTACTGCCCTCCTGGCTAAGCAGGAGGCATCCTAGGACGGAAAGAACAATTACGATCGAGAAGCGCATGCTGAATGTCTTTGACGCATTTGAGACGTTACGCATGTTTTTATAGCAAATTTGAATAATGGTGGTTTACCAAAAGCGTGTAAGCTAATAGGTCTGCTGGATTGTTAGCTTTAACTAAGGTAAATTTTGGTAATGTTTATTCAGATTGAGAAATTATGTGTGCCGCCATATAGTTTAAACGTTGCTCTTGAGTCTTAACA,0.0
GAGATCAACACATCTACTCTGCGAGTAACGGGTATAGTTACAATATTTGGAAGTTCTAGCTAGAGAAAACGATATTTTTTAGTCAGCAATATAGTAAAGTAGTAAGGGATCTACCCTTCAAAGTCTTATATAACTATTGTATATTTTTTACAGCCGCAACATGATTTTTATGCCTGCTCTAAACTTGCTTGTGTACAACGTACTTGTAGGTTACATAAGCATGGAAATCAATCGAATCATAAATGGTAAGTTCTTTGTAAGGACCATCTCCTAATCACTGAAGTCTTTTTAGTTTCTACAG,1.0
AGTCCGCGCAAAATCGTAACTGCCTATCGATACCCTGGTGCCATACACATCAGTTGCCTATCGAATTGTCTACACTACAATAATTTCGGAATTTAACGTTGAACAACACTCAGCGACCAATTGTCAGAAAAAATCGTCATTTTGTTTTATAAATTGGCAAAAGATTAAATAAAAGAAAGCACAGCATGTCCGCCAAGCAAAACCCAAAAAAGTTAAAGTGGGCGCTGGACTTTAACGGGAGGTAAGGATTGCTAGCCTGCGCGGTGACTCAAGTTCTTACCACTTTTGCTTTTTCCTGCAG,1.0
TAAATTTATTTTTTATTATGTATAAAAGATTAATAATATAGAAATTAAATAATTATATAGTTATTGATCTAAATTCCGAAAAAAATTATATTCTTTAATACGCTTATCTGGCCTACTCGGGGTTTTCTATGAAATCAAATCTTACTACATTTTTAGCAGTGTACGAGCTAGCTAAGAGCAGCACGGTCGTGATAAGGAGCAGTACAAGTACCATTGAAATCCAATATCAATGCGAATCGCACACAGCGCTGGGAACCTTCGCCGCGGTCTGCCGTCTCTCAGAAGCAACTTTGTTTGGGCT,0.0
CTCGTAAAGTAAAGTGTGTAACAGGTAGCTGAGTAACGGGTATGTGATAGTTGCGAAGAGTTGATAAGAAGAGAAGAGAAGAGAAAAGAAGAGAAGAGAAGAGAAAAGAAAAAAAGAGAAAAGAAGAGAAGTAGATAAGTAGAAACAGTAGAAGGAAGTGCTTTCGACTCCATAATGTACATATGTATATATTGCCCAACTGAGCAATCTCGAAAAGAGTCTTCTGTTGTTTATTTTTGGGATATCTTCATATCATCACTAGTTGAGTAACGCATAACTAATAATAACTAATAATGTTTTT,0.0
TTTTCTATCTTCCTCTCTCTTTAATTTTGATTGGGTTAGATTTGTCTTTCCAAAGTACCAAATCCAAAATTAGTGGTAAGCTAAGAAGGCCAAGACTTTTAATGTAGTTTTAATTTTTGAACTAATCGACCGTGTACATTTAGTAGTAACATTTTTTTCATATTGGCTAAGGATGAACAAAAGCCAAAAGTCCCTGGCGGACGACATGGCCTCGACGCCTTTCGGCAAGGAGGTGCTGATTGGCAACTGGGCGGAGCGCCGCTACGCAGTCGAGGAGCAGAGCAATGCCATCCTGCCAGGA,1.0
GTTTACATGTTTAGTAATCTCCAACACCGCTGGACTGATAGAAATGCAAATGAGTTTGAACCGGGTCGAAAGAATCCGACGTCTTCGACCCGCTCAATCTTCAGTGTGAAAATGTGCGGCAATCCGAACACGCGTCTCCTCTCCCGGCTGGTCATTGACTTCCTGATTCTCCTAGGAATCTATGGAGCGGCCCTAGTGGTGCTGCCCCAGCAGTTGTCCACGGCCCAACGGGGATTCCACTGCAGTGATACCAGCCTGAAGTATCCCTATCGCCAGCCCTGGCTGACCAAGGTCCACCTTA,1.0
GAAGAGCGAACGGATTAAAAATAGAACGCGAGAGCGCGCCGCAATCGGAAGAGAATCAAAGACTAGAATCAAAACACAGCACTGTTGATGTGGTTAAATCATTCGTTGAGTGGCACTGCTCCCAGCGAGACGCTCCAGAGCGTCTATAAATACGCCACAGAGCTAACGAGGCGGAAAGATCGCGCGCCGCGAGTTATAAAACAGCGATTAGAAGGAGAAGTGCGTCCACCACGTGGCTGGAGGTCAATTGATTGTACGGATATACATACATACATTTTATCACACACATTATGACCAGCCA,1.0
TTTTCAGTGCTGTCGTCAGCTGATTATCAAGGATGCCGCTCATCGGAACCTACTATCGATATCGCGAACCCATGAGCTAGAGAGCGATTAATGAACCACTAGTTCCGTACCTCGGGCACGTTGTGTGCCACGCAAAAACGCCGCAAGTCAGTTGAATTTCTGATATAAAAGGTGGGCGAATAAGCTCTGTTACTTGATAAATAATACAACAGTGAACTTTGACAGCCATGGGAAAAAAACTAGAGCGGAACGACGTGTGTCGGGTGCCAGAGAACATTAATTTCCCGGCCGAGGAGGAGAA,1.0
TTTATTCCGAAGCAATAGCTTGGCTTGAAAAAAGCTGGCCGCCAGCACTGCTGCTTATCGATGACGCGTGACCATAGCCTCCTCCATCGATAGCCTCCGCACAGACGTGGTTTTCCCAACTTGCAATGCAGCGAATTAACGGATGTAATGCGACGCATAGCTTCCCGATTTCTGGAAACAAGCAAACGAAGTTGCAGCCCGCAGGTTGATCCTTGCATGACAACCGATTGAATGAGAGAGATTGAGACATCAACGCGCAGTTACGACATCGGGGGATTACAGTCTGGTCAGATATTGGTGA,1.0
TTGCTAAGCAGAGCCAGTCTGCTACTACATATAGTATGTACAAAGACACTAGAATAATAATAATAGAATAGAATAGAATAACACTAGAATATTCTAGTGTCTTTGGTATGTACCAGATAAGACGGAAATATAATGGTTTGTTCTGAAAAAAAAGACATATTTTTCTAGATTTTGTTTCTGTTGGCCACCTAATGACTCGTATTCTCAATAAAATATGATGGCAAATGAAGAAACGAAAGACGCATTTATTTTCCTTAAACAATATGTTCTTGTCGCGAATATTATTTCGCTGACACGATGA,0.0
CAGTGATATTTGATGGGCAATTTACTGTGAAGAACACGAAGTTTCGTTTCTCTTGACGTGGAGGACCAAAGATGATTGGCTGCATCAAGGGGTTTTCGTGTGGCACCTTGCATCGTCACTACCAAAACGCACTGCTCCATTGACCTGACAAACAGCCAGTCACCAGATAAGCCCACTTTCCGCCGCCTGCTGCACTTGATAAGACCCGTACTCTCCCCGGTTCAATGTTTGTCCCAGTCCAAGCTACCGGAGAGTGATAGCTGCTTGACTGATAACACTTTGAGAGAGTCCACCGTACACC,0.0
CAATCAAATGGCTATACCTAAGATATTTCAATTTACCATAAGGGCCTTGCACAAATTTACCCAACACTGTCGATAGCTCGGCGCCATATCAGATAAGTTTTACTATGGAAATAGGAGAGCGTGGAAATGGAGAACAGGAGGTGCACCGTCGTTGCCGTGGGTGACCTTGTGGATGAGCTTGGCTTCTGTTGCGAGTGGTGTGGCAAGGTGTACAAGAGTCTTGTCCGCTACCACAACCACATTGTATGCACCCACAAGTTACCTGTTCCGGATCACCAGTTGGTCAACTGCTTCCACTGTC,0.0
TTTTACTCTAGGAGTAACGGGTATAACTATGAAGGACTAGTCTGGACGGGTCTTAAAGCATGACGCACGTCTTATAATTGTTTTAATTTGGTCTTTTTTTGTAGCGTTACTGCTAGTGTTGCTGTATTAACCTCATAAATATCCTCAGTATCAAAACGTCTTAATAAATTCATATGTAAATATGAGTCAAACATTGATCCGTCGTCTCTTCAATCAAGCTTGTAGCAGAAATATTTTTATTTTGAACCAAAGCTTGTTATCTTCACATGAACCCATTTTACCAGGTTACATTGGTTTACGT,0.0
AGTTGTTGTCGATCGCCACTTTCGTTACGTTACGTAACGAATCGTTACGTTCGACGGTGCAAGAGAAGCTCTATAGATTTGTTTACAAAGTCTGGTTTCATTCAGTCGCAATCGAGAAGCGGCGCCTAGATGTTTGCGGATCGGGTTCGAACGGGTTTCAAAAGTCGGTTGTCAGCGTCGTAAAACAATTAGATTGCCGTTAAGGTGAACAATTATTTAATGATACGGCGCAGAGCGTCGTAGTGGCAATAAAAACAGAAACGTGATGACATATAATCAATATGCCATCGTAAAGGATCCA,1.0
TAAAGAGTTTCTTGACAGTCTCAAAAGTGTGTAAACTTGGAATTTGTTGTTTATTTTCTTGTATATTTAATATTTTTAATTTGTTTTTTGATTTATAAGTAAAATAAATATTGTTTAATTATATTTTATAAAAAAAAATGCGTTTAATTAAGAAAAAAAACCCTTAATTTTTAGCTTTAAAGTCAAAAATTCAACTTATTTTACAGTGTGTAAACAGTTTCTTGACAAACTGTATATATTCTATAATTCTAACCACAGATTTCAATAATCGTATGTTATTGTTTTTATAAACAAATGTAAT,0.0
GCACCTCAGCAAAGACTGTTGCATGCCACATAAGAGACGTTTTCGTCAAAGCAAACCATCACATGGGAGGTTGCCGGCAAGCGGCACTTATCATTTATAAAGAAGAAACGGTAGGGCAGCGCAAACGCAGCGAACTTAATGGACTGTAATTACGACTGGCAGTTGAACAGGGAGCTGTGGTTGCTTGTCTGCTGAGCGCTGTAGAATATTAAGACCTAAATTTGCGTGTGCAAAATTTACGACGTGTTTACGATGCCTCAAATTATTGGTTGCACTAATGCGTTACAGAAACGCAAAGTTA,0.0
TTGATTTCAAATTGTTTCAAAACAAAGGAAAACACTTATCTCAAGTACATGATTATCGGTTTGCGACGAAACCTTTTGTGCTTCCGGTGTTCGTGTCTTCCTTTTCTCGTGTGCTTCGTTGGAAGAGGTTAGTGAGCGGTAAATGATCTTTGGAAATCTAATATGTTTCATGTTTATAGAAGTTTATATTATCTTACCAAGTTTCTGTTTTGTGCTGTGATGTTAGCATATATTTTATTTATTTGTTTTATTTTTCAGGAGTCGAAATGGGCCGACGACCAGCTAGATGGTAAGCAAATCA,1.0
GACCACCCTAACGAAAACGGTGAACTTAAATAATTGTTTTACTGAAATTGTAATTCCTACAAAAATTTTAAAACAGTTCTCTATCAATGAAATGTACGGTGTAGAGGAATTCTCAGACAATGTGGAATTTAACTGAATTATAAACACTAACAATTTTTTTATTGGGATATGTATCTGTTGGACTACGAATATTGTGTATAACTTCTGCTGTAAAGTTGAGTTGTATATACATTTTACTATTATTATAGATACTTATTAATAATATGACGAGCTACAGTTTATTTTGGATGTCATTGCTAAA,0.0
CTAAACGGTTTCGAGCTATTGGACATTCTCATTGCTGCCAGTACAGAAAATAATTAAATTCGTTTGATTATTTTAGCAGAATAGTTTCCCTTTGGCCCAAATGAAAACAAACAGAAAACGAATAAGTTGGTTTTTAAATTTTATTGACACGGTTGGAAGAACCTGTAATACATAAAATGAATCAGTGCATCAGTGCACTTTAAAGTACAATAATTTTTCATATTTACATTATCTCTTCGCCTGACTGCAAAGTACGCGGCATGGCATATCGTTACAACAAAGACACTAGAATAACACTAGA,0.0
AATTTCCGCTCTCTGTTCTCCAGGACTGGTTATCACGATCGCAGCCGCGGTTGCACCCCTTTCTACTTCAATGAAATGAATTAAAGGAAGGAGACTCTGTGTCGACTGTCAGAGCAAAAGATTTCGAGTCAAGTAATTTAGCAGGAATTAACATATTTAAAATTTGCCGTGATAGGTTTCTACTTATCCAAGCATTGGTAATTTGGAAATTTTCGGTTAAATGGAACTGGAACGCGAACTGCCCACCGACGACGCCTCCGTGGAGTTGGATGTGTCCGAACCATGGGGTGATGTGAGATCG,1.0
AATGTAGTTTATAGTCGTGGTCAGTGCAATTGAATCGTTGTAAAGACATATAGCCTTAATAGTACAATTAAATCACAGTTCGTCCATCCAAAAAGCATGTTTTACATAAAGTGGATTTTCCATGACACGAACAACACCCTGCTGTTCAAGTGCAGTTCCTGGGAATTTGAGATTTGGGGACAAAATGTATCCGAATTACGGTCGTTGGTGGTAGTGTTGAAAACCGTCTAGCGCTTTGGCGGTTGATTAAAAAAGGGCACTAGGAAACGGTAAAAACCGTAGCAGAGGCACTTCAATATGT,0.0
GCAGAGTCTTGAGTAGCGCTCTCGCAGCACTTGTTTCTCTCACAGTTCGGCTCTCTGGGGGGCTGGGGTTTGGGCGGGTGGTGGCTTATGGTTATGGGATGGGGCGCAGTTCTCGTTCTCGTCGTCTCTTTGCGTTCGCTTCGTTCGATTTTCGCTACGCTGTTGTTGTCCGAGCGAGAGTCCGTAAAAAGCTTTGTGCGGCAACCGCCACTTCCTCGCACTGCCACCGCCGTCAGTCCCCTACCCGCTGAAGAAAATTTATTCAGTTTCTTTTTGACTCTCTCAGCTCTCGCGGCTCCTG,0.0
TTAAGCTGATTAACCAGTATATGATAGCCGCATAACTCAAATCTACTTTTTGTAGGTATTTCTAACAAATGTTCCTTAGAAGTCAATTTCTTTAATCGTTAGTTGCTACGGTAGGCTCTGTCTTTAAGTTCAGTTCAAAATTTTCGTCCGTTAAGCACTTCCAACACCTTACATTTTTTCGTGACATAAGGAGGGTACTGGGGAGTCCTTCCGAAATGTCCTGCTTATTTCGCTGCCCTTTATGCCCTTATAGTTCACAGTCGCCTTGCATTTATCGTCCATAATGCGGCGCATGCGCACC,1.0
GAAATATGAGTGTGCAGACTGGCGTTTACCTTATGAAATATGAGTGCTAAAGGAGTTTGGATTTCTGGTGGCACTGCACCGCGAGAATTTTCGCAACCCACCTAGAACTTGATTGCCCTTTGTGTGCCAATTAGTCAAATGTTTTCCGTGCTGTCGGCGCAATGGAAAATTGACTCGCTTGCAATTAAAAAAAGCAAACAACCATCAAATGTTTATGGCATGTCAGCGGATGGGAAGCTCCGCCGTTGCCAGGCAACACCAACAACAAAAACACCAATAACAGCAATAACAGCAGCTGTTC,0.0
GTAAAACGTGGCATCTCCGAGAACCTGTGCGCTGTCCAGCACTAGTGCGCATAACAGCACTGAGCGAACTAACAGCACGCAGTGGTTCGTTCCGTCGAGTACGACGAAAGGAAAACACGTCCACGTACGTTCTGAAAAGTCGAGCAATTTGGCAAGGTTTGTGTTTGGTATCTAGGGCTTCCCTCGGCCAGCGGAAATCGAAGTCGCGGAGAGCGCCAGAAAGCGCCTCGAAGGCCGTCTACCAACGTCGACCATTACTCGTGTTTCAGTTGAGATATTTCAGTTCGAACCATCCGACATG,1.0
TACAATTTCAATTTAACTGTGTTCACGTTTTGAACGCAATTACATGTGTAAGAATCTTTAGCTATCGAATAAATTTTTTTATTTAATTGAAAGTCCTTCTTCCCTTAACATAATCTATATTATATACAATAAATATGTCATTAGATCACACAAATCAGAGGGAAATGTGAATGATTTTAATGCGTTTTTGATGCGTTCAGAGTGTAGTACGTATTTTGGGAACGTGCTGAATCAACAGTTTGGCAACTAAGAGAAAATCGTTAAGAGAGCGGCGTTGCCCTGCTTTGCCGACGCGGACCAC,0.0
AAATAATTGAAATTGGAATGGAGGGGTGCATAGTATAGATTATGGATTAAGTCCAAAATTTGTATATAGCCTCTTTTTTACATTCTTTTTACAAAACTGTAAATAATTTTAATTTAATTAAATAATTTAAAAAAAAACGAAATAGACAATTTTTTTTATTTTATTATTAGTTCTTAATATATGCTTCCCTTATTTAACTTTGTAATTGTATAATTAAAAAACTTAATTTAATTTTTAAATAAAAAAATATTAATAAAAAAATATTCTGCGAAATGGGTTGCATCAAAAAAAAAAAAACACG,0.0
ATTGACTGTTTATTTGTAATAATGTTTTAAATCAGCGAATCGAATCAGCAATATATACTCGCATTACCACATAAGCACCAACAAGTCGAGACGCTGCCTCACATTCCATACACGGCGCAACACCGCTAGACGACCATCTCAGCCAGAACAAGGAGAATACCATTTCACCACAATGGGTAAGGATTACTACAAGATTCTGGGCATCGAGAGGAATGCGTCCAGCGAAGACGTCAAGAAGGGATACCGCCGGATGGCTCTCCGCTACCATCCGGACAAGAACGACCATCCGCAGGCCGAGGAG,1.0
GAGATCATCGCCAGACATACGATTTGCATTGGTTCCACCTATTGGCTCCACCGGATCAGTGAGAGCTATAAAGGGCCCCACCGCTTTCGCCCTGGCCTTCATACCATACTCGCCATGAACTTCATACAGATCGCCGTGCTGTTCGTCCTGGTCGCAGTGGCCTTGGCCAGACCACAGGAAGATCCGGCAAATCTGCCAGCTCCAGAGGCAGCAGCAGCACCACCAGCAGCAGCAGCAGCACCACCAGCAGCAGCAGCAGCACCACCAGCACCACCAGCACCACCAGCTGCAGCACCTCAAG,1.0
AATTATTCTAAGGGGTCTTTGGTTACAAGCTGTTTACCCGCAACTATCGGCTGCGTTCGATAGCCATTCGCAGGGAACGCCGGTTTGTTTCAGGTAGCTCAATTGTCTCACCACTAGCAAAGTGACGGCTTGTAAATTGTTGGGATTTAAAATTTAAAATTGTCTGCTGCACAGGGCAAGATCCTAAACATTGGTTACCTGAGAGCGCGGATTTCCGCGAAGCGAGACGCGTTCACAGACAAGCAGACCGCATCCCTTCGCAGAGCGCATCCCTGTAATGAATATAAGCCAGCGACGCACT,1.0
TCATTCACGACACATTGCACGCCTGCGTGGGATGCAACACCATTCCCGGCGTAGACGGTCTGGTTTACCAGCAAAGTTCCAAGTCTGACCAGGTTGATGCACACCCAGGGCCCTCAAAGCAGCGCGGCCAGTGTGGGATGTAACTGACTTTCTATAGATAGATATTTCGAACTTCCACATAACTACGCATTTGGGGCAAACAAAATACAGTTCGTTTCGAAACGGTGGTTATGAGTTGTATCAATTAAAATCTGGTTTTATGCTTAATAATTGTGAAGGCGAGCGTAGCATTATTATGGCC,0.0
GCAAGGTTTAGCGGGCAAAATGAAATTGTGAACTTTGATATTATTTAAACTATATGTAATCCTTTTTTTTAAATGAAAACAAATAGGATCGAACCATAGGGTTTTATTTATTTTAATTTTTAGCTGTGTTGAAGTTCAAATGCATTTGTAACAGATAAGTTTAAGTAACTAATAAAGTCGCATTACGCATAGTTCGTGCTTTTCTGTGTTTTATTATATTATATATCTACAACAGTGCGGCAGGCTCGTTCTTTTCATAATGTACTTAGTGTTTTTTTTCGGCTGCCTAAGCGCCGCTGCA,0.0
TACGTTTTTGACTTTCGCCTGCAGTCAAAAATTTATTCAGTCGGCTTTATTTTCTTTTAAACTATATTTATTTTATATTTTGTTTGGGTAAATAAAGTATTCACTATTGACTGGCAAGTGAATTTTGTACAACTTGCTACGACATTTTTATGTTCAGATGGAGGCAAATACAGCCCCAGGTTAATTGATGGCTTTCTAACTTATGAAATGCGTTATTTAATTATAAAGACTTTTTTAAACGCGCGCTTCCGTCCCAGAGACATTGTTCAACACTAGTCGGCCGGACGTGTCATCAGAGTAA,0.0
AGTAATGAGCTAGAAATGTCGCCATTCTGATTGCTAGACAATGGATTTGCTGCTTGCATATTATTTCTCTATCGCACTATTTGATTGGTATCTGATAGTCACAGCAGTATACTGCGAATGCACGCCCACTCTAAATCTGAAGAGGCATTCTTGAGATATTCTTGACAGTACAAATTTATTTAGTCATCTTAAGAAACCCAAAAAGTTGTGTGAAACTGCGGCAAGGTGGCGTTCGTATAAAATCCAGGGAAGAGCCGCGTTCCTACTCGCATGTCTCCATTTCCCTAACACTCCACTCCAT,1.0
ATACATATGTACAATTTTTCGACTCAACTGTTTACACTGTAGTTTTACGAAAGAGAATTTCGATTTAAAAAATTTTTAGTTTTCGATGGTCGACCATTTGATTTATAAATAAGCAGTATTATCTTTAATTAGGCTGCTTTTAACTGCAAGTGCAGTTTATTCATACGATTACAAAGCATGACGATAGATGATTATGCTATTAGGTTTGATTAAACCATTTTTATGAAATATAAATTATTATATTATAAATATAAATTAATTATAAATTTACAAACTCTTATTCCATTCCAGAATCGATAGT,0.0
AGAACGGAAAGAGTGAAGTTGGCGGCGGCACCCAGTGTGACCGCTTCGATGGCGAATAAGATACCGCACGGTCTGAAAAAATACCAAAACCGGTAAGCGATATGAATATTTTCTATTTTCGAAATGTGTAATTCCTTTTAAAGTACTCAAAAAAGATAGATTTAACAGATCATTAATTACTAATAGGCTAATAGTGCTCCTATACAGCTGCTACGATCGTCAGAATCTCTTCTGTTAACTAACAGTGCTTCTGGTGGTAAGGTAGGGTCACTCTGGCCACTGGCGGCCGATAATTTATCGA,0.0
GGTGAAAACTCGGGAAATGCTGCCACGTCTCTTCTCCGCCACCTCGGCTAGAGTTGCCAACGATTTGGATTAATCGATTCATCATTGTCGCACAATGCTCACTCGATAAAGTTCACTATCCAGGTGATTTGAACTAAGTTAAATGTTAATATGTTTTACCCAAAAACACCATTTTTGGTGAACCCGTTGCTGGAAGCCGATATCCTTAAAGTGAATGTATGTACTTTCAATGTGCACAAATACGTATTTACAACAAAAACTGGCTTGCAAATTTTATTAACTGTTAATTCCTGGTTTTGTC,1.0
TCGAGCAGTGACGCCCTCCGCCTGGAGCTTCTATTTAAACGCATTAAAGGCAGCAAAGGCAGGGCGGCTCAACGCAGTTGGCAACCCTGGCGCCTGCGGGTGTATGCGTGAGTGTGCGGTGGTGGGCTGCCTCGCTTCCCTCAGCGCTAAATTAAAAGCTGCTACGTGTAGTTTTCGATTTCGGCTGCTTCCAAGCCAACTATCGTCAGCTGGCATCAGCATCTTCTCAGTAACGTGGAGCACCTATCTTTGCGCACTACCGGTCCGGAGAAGAAGTCTCTGGGGTGTTAGTTCCCTGTAA,0.0
AAGAATGCCGTTTAAAATGATTTTTAAAAAATCCGACAACGTATATCAACTAGCTTCAATGGTTTAGCAATTTTGAGAGCAAGCTATCGAGTGTCTTCAGTTATCGAATATATTAACACCAATTAATAAATACAATTAATTCAAACGTATGGCAAACGTATGAGGACGCTAAGTGCAGAAACAGTAATTTTGTATTGGTATCAACTCTGACTCCGGCCTCACAAGTGAAAAAAAGCATTGTCGCAAGGTGTGTATTTCAACCGGCGTCGGCCTGTTGCGTCTCTGAAGAAAAGTCACCAGT,1.0
CGGTATGTTCGGTCGACCGTTTCTATGTAAGCAAGGCCTTAGTTTTAAAGCCATCTCCATGAAAATATCCCAAACATGTGATTTCTATTGCTGGAACGGGCCGATAAATGCCATGTAGATACGTGTTTGTTTTTTTTTTTTGCGTCATAATGTGTTGTTTTATTCGGTTTACACCAATTTTTACAGTGTCAGAAATCCGAGCTTCGTTTTTTTCAATAATTTCTTAAAGATTAATTACTACATAGCTTATTTTAATAATTATATTATATATCCACATCTAAGATTAAAATCATAACAATTG,0.0
TGAAGCATATTGTTTTTCTCTCATATTTGCAGCGACTTGCGCTCTCTAGCTCTCTCTCTCTCTCCCACAGACTCGGTTCGTCGTTCGTTTTGAGCTCATTCGTCTTTTGAAATTCGCCTCGCACGGTCGGAATTGTCGTCGCGGAAAATGTGGATATACGAAAAGTAGCGAAAACAGCGCGTTGCTTCAGTCGAAAAATATAGAAAATCGTCGGGAATCAGGCAGCGAATGATACCTGCGTCTAACGAATTCTGACATAGTTTTACGATCGTCGCGCAAACAAACACACCGCGTCAATTCA,1.0
GATGCTGCCGACGGCGACGCCAGCTGCGACCGCGACTGCGACTGCGGCTTGGCCATCGCCGCTTTCATGGGTTCTTGAGCGTATGCAAAAGATTTTTGCACATATTCATCTTTTTGGCCGTTTTCGGTGCGTTTCGCGGAGCTCTGCGGCTCTTGGAGTGTTCGCGCGAATTTTCAGCATTTTTGCGCGCCCAAAGAAATTGTATTTCCCGTGCTTCTGTTCTGGCTCTGGGACTCTGACCGAATCTTTTGCGATCTGGGTGAAACCCAGCGTCCGGGGGATGGCCGTTTCTAAATTCTTC,1.0
GATAGGCTGTGCACACATTTCCGATTTCCGATACATGATATTTGTTTAATTGTTACCCCGTATTGAGTATAAAAGGCCGTCTGATTAGATTAGATTAGACACAACAAAATGCGCTTCCTATTCGCTCTACTTCTCAGCGTGCTCCTGTGTCTGCTCCTGGCTCAGGAGGGCAGTAGCAGCACATCTACATCCTCGACGGCGACCACATCCACCGACTCCTCTGCCACCACTACCACGGCTTCATCCGCCACCACCACTACCACCACTGCCTCCTCCGCATCCACCACGACCACTGCCTCCT,1.0
ATTTGCTCATTTTGGAAATACCACTTAAGAAAATTTGAATTATTTTAATTTTACCTAGTCGTGTAAATTTTTTGTTCTAAGTCTTAAGCTTAAGCTTGGTAGTAAAACATCTACAGAGGTCCCAAAAGGCACCCACCAATCTTAGTGGATTCCTGAAAACACCCAAAGATTTGGAATAGGGTTAACTTTTTCCGATTATAGAATAAATTATCAAAGTGTTTGCATACTTGACCATCCGATAACCGAATGAGACCCACCGCCCGATCGGAGGAAAAAGCAAAACAAAGGTTTGTGAAACAAG,1.0
TTAATTATACAATTACAAAGTTAAATAAGGGAAGCATATATTAAGAACTAATAATAAAATAAAAAAAATTGTCTATTTCGTTTTTTTTTAAATTATTTAATTAAATTAAAATTATTTACAGTTTTGTAAAAAGAATGTAAAAAAGAGGCTATATACAAATTTTGGACTTAATCCATAATCTATACTATGCACCCCTCCATTCCAATTTCAATTATTTAGGAGTAATTTATACTTTCGATACGACAGCAACCGTTTTATATCGGTACGTCTTACGAACTTCTATTAAACCAAAAACTAAGCT,0.0
TTCTTAAAAAATCGACAAGTGAATGCATTTTGGGTTACTTCTATTTTCGGCTATACGAGCCTTCTTATCGTTTTAAATTCATCTTTTAAACAATAATTAAATAAATACATTATGATTAGATCACGAACTAAATGTTCTACCCTTCATAGTTTTATCTCATAAAGTCAAGTAACATTGGCATTTATCCTATTCCAGTATAGTCAAGTAAAGTTACCAACAACTAATGAGTGTTGTTAAAAAGGAATTCCCGAAGATATTTTTTATGTTCAAACCCTTCATTCAAAATAAAGTTATTAAATAC,0.0
TTAGCACAGAAGAGCATTCTAAGGTCCGCACAGCCGGAACCAAATCATCTCTGGACAATTTCCGTGCAGCCGAATTTCGCTTTTGGCATTCAGAGTTCGCGCGTACAACTGTGAGCAGCAGTGGAGCTGCTCGTGTTGAAAAATCGGGAGTCAGTTAAATTAAAATAACCGTTTGAAACAACATTCAGTTTGATATTTATCCAAAATTGTTTATGAAGGTGTGTACCAAAGTGTTCTAGAGAAATCTTTTAATTTAATGATATGTGGAATAGGCTTATTTGCAATCATACCTGGCCTATAT,1.0
TAAACGATTTTGCCCGAATCAAAATCGAAAAAAAATACGATTATGTCTAATAGAACAGTCTATATAGTAAGGTCCATAGAATCGCACATTACACATTCATTATCTTTGAAATCGAAAAATTTAAAAAGTAGCCATGCTTAGGGAAATGGCATCTGTGGGAACAGTGCACATACATTATACACATACACTGTTCGTAAAATACCTATATTTTTATATTTTGCCATCTAAGCAAATTACAACATGCTTCTGATTTTAACGTGTTATTTTAAATGACGATTTCAATCGCTTCAAAACCGGGTCT,0.0
ATATACATATATACATATATACATGGTGGTTATATAATATAATAATATAATATATAATATATTAGGAATATTATTATTCCAGCTATCGACTTAGTTATCGATACGACTAAGAGCTTTTAAAGCTGCAATGGGAAACTTTTAATTCGTCTTTTATTTAAAGCTTAGATGTTTTTCCTCCAGTTAGTAATTTTTATATAATGTTCTCTATTGGTGTAGTTGTGATTATGAAGTTAAATGAAGAACGAATTAAAGGGAGATGTAACCGAAATGCAGATGCCATCTGTATATTGGCGCAATAATG,0.0
TACGTGTTTCTGGCAGTAAGCACGCGTCCTTTCCTCTGCCGCGCACACCGTGTCCTGCGACCCTGGTCCTTCGCCCCACATCTATTCCGGCTCATGGGTTCCGGGGTAATGTATGCAAGCACTTTTTGTATATGACGCCGTTGCGCTTTGGGTCCTCGTCGTGTTTGTTTGCCTGGTGACTGATGATGGTTTGGCTGGTTTTGCTCAGCTCCCACTTTAGCTTCATTTTCCACCGCCACTTCTGTCGCTAGTTTTTCACCAGCAGCATCGATTCGAGCGTATGTCCTGCTAATAAATCAAT,0.0
GTGCGGAACGCAAAGAGGAAAATATTTATTTCCGTATCGTTATCTGCATTAACAGCCGTCCATGTCCTTTTAGTTTTTATTCAAATAATATTATTTTAAAATAATGAAGCAGAGCAGTTCTGTAAAATAACATTCAAAAATAGAAACATTAAGAGATGTGATAATCATGTTAGAATGTTTCTCATTTGGTAGTGTTTTCGTTCAAATCGCAGACTCCAATCTAAACTTGACCCACACCCACACACAGCATAGGTGAATCCAGCAATAACAATAACAGGGAATGGATTCTAATTGGAGATCA,0.0
CTTGTGCGCCTTACATCGATGATATCACAACCTTATCTCTGATCTGACGATCGCCCGATCGGATGGCCAGGTCCGGAGAACCAAATGCCGAGTGCCAATCAGTTTTGGATTGCCCATGGGACCACACAGACATGAGCGGAGGAGACTACGATAGCGGTGACTACTTCATGCGCAGTCGGTGGGTCCGTCCCCAATCGGGATATGATGTCACCTATAACCAGTGCTTCCGACTGCTTCCAGGAAGCAGCGGGACAAGCCGTCATTATGGGACTCCTTCCAGGACCCGCCGTCTAAGAAGACG,1.0
CTTCAATTCATTGACCTGCGCAAGCTTACAACACTAAAAAGTTCCCGAATTTCGAGTCCGCGATCTAGTTCACCAACAACCACTGTCAATTCGAACTAATTCAACGCATCTCGAACTAAATAAATCAACCGGCTTTCGAGAGGCAGAACAAAAAGGAGATTTGTGAAGTATTCTCAAAATGACTGCATTCGAAGGTAAGTGAAAATTAATATTTAAGGTGTGCATTGCTTATTTGACTTGCCTCGCAGAGTTTGGCGTGCTTCCGGAGCTGGGAATGGCCACAGACGAATTGGACTGGACG,1.0
CAGAAAGACGCACGCACCAGCCAACGGACCGCAAATGGCTGCGAGAGGGAGCCCCCAGAAATCACGGCCAGGTTGGGCGACTCACCAGCCGCGCTCGGTTAGTTAAGCGCTGTTTGCCAGCCGGTCGAGTCGAGTCAATAGTCGGTCTGCTGTTCGTGCGATACGAGAATCCCAGTCATGTCCAAGTATTCGAAGCTGGCCCGCGGGTTCTGCGACCTGCTGATCTGGGTGGCCCTCAGCGTGGCCAGTGTGCTGCTCCACAAGATGGGGCGTCCCTTCCGGCGCGGCTTCTTCTGTGGCG,1.0
CTAAGTCAAGTTCCCCATCCCATCCGCACGCCGGAGCAGATGGCTTAATTTACGGTGTCGCGCGCGGACGTGACTGAACTGCTACCACCTCCATCTGCATAATCACCTGGTTACTGACCACTGGACACTGGACACTGGCTACTGGCCACTGGCCACTGACCACCGGTCACTGGAAATGACCGAAACAATTGGCGACCGCATTCGGTCGAGCATTTGAACAGTGGCTGCATATTGATGGAGCGCCAAATGCACTGCTGGAAAGGTGCATTAGGTGATTGATTTGAGCTTCGGCCTTTGCTTT,0.0
TCTTAAACAGCCTGAAATATATATTATTAGGAGCAATTATTAACTTTAGGGAAACGGTAAGTGAGCGCATGGTTTTTGTGACATCCTGGCTTTTTGGGCTGTCTAATAATTTCACAAGTTGGCAGTGCCGAGTCCTAAAATTCCGGTTTACCTTCTTTTCGACCTGAAATTTGTTCCCGTCCAATTTATCAGTCCAATATGTCGACGATAAAGTTTCTGCGATCCTCCACACACAACGCACTTCGGTCCAGCCTCGGATGGTGCCGCCTTGCTGCCTCAAGACCACGCTATGATTACGACC,0.0
AATGCGGGCTTGCTGCCAACTGCGCTGCCGGCTCGGCGTCGACGACGGCTGAGCGCAGCCCGCTTGCCGCGGTGGTTGTTATTTTCTGGTCTTGGTTTTTAGTTGCCGTTTAAACTTGGTCGTGAGAGGGTAGCAGCCCCGTTATCAGCCGACCGCGATCGCGTCCGAACTAAAGAGTACTGTGGAGCCCTGGCCAGTTCAAGCCTTCAAATCCTCCAGAACATTCTGATGGCGCCCGTGAGCGGCTGTTTGCCCACCGCCACCCACTCGCTGCAGGACATGAGTGCTGCCGCCGCGGCAA,1.0
GCATTCTTACCCAAATAAGAATGGTCACCTGAATGAGTTACCTGTGCAATTTTTGTTGTATTAAGATTTAAGAAACAATAATATTAGTCCTTGCGAACTAGCAAATACAAATTTTTTGTCTTCACTTTTTCTGTTCGTTATTAACAAACAGACAGAATTGTAAGCAACCAACTATTAATTTTTTATTTTTATTTCTTAATTTAGTTGTAAAAACGTTTCTGTAAAATGCGAAAATTAATCGGATAACATTCGCCGATTATAATCGAATTCCCCTAATGAAATGTAGCTATTTAATCCAAGG,0.0
AACATCTACATTACTGCGGAACTTCTTAAAATCAAGAAAAGTATCTCTGCCTTGACATACCACCCCCTTTTTCGACTGAAAACGCATACGCACCAACTAATTGAATCAAATGCACACGGCTAGGAGCGGAAATTTTAAAAACTTCTGCTTGGAAATGTCTAAAATCACAGAGCAAAATAAAACTTGACCGAGAATACACTTGCTGTTGAAAAAACTGCAAACTCACCAACATAAACGTTGCCGATAGAGATGGGCGCAGCGCATGAGCTAGAGCGGGATGCCGATGTTGTGTAGTCCCGTG,0.0
CTCAGATTTGGATTTACTCATCGTGTTTCTCTACTGATTTACTACACTGTATTTAAGTGAGACGTTTATTTGACAACTCAGGGAGCTAGAACTTTGAATTATACAGAAAAACACGAAACACTGTTCCAGTCAACTAGTCCGGCTATGAGAGCCTCTTTTCTGATCAGTCGCAAGCAGCCATGGATGGGGCAGCTGCTGCTCATGGCGAGAAACAAAGCCCTTACGCTCCTGCTGAAGCTGTATAGGCGGACTCCCATCTTCAGACCGCGACACCTGCCAGGAAGGAATCGGACTCAGAGCG,1.0
ATACCCGCTTAGTACATTCCAGCCGGGTGGTATATTGCCTCGGCCCAATCGTGGCCACACTAAAGCTGCCTGCGAACGTGTTGGATGCGACCGAGCACGCACTTCCATTCGAAAGCCTGACGATGTGCCATCTTCCGGGCCGTTGTTGACGCGGTGAATCGAGGCGGAAAAATCGATTGTGCTCGTGTGATTATTTTTGTTTTGATTTGCGGCCTCCCGCTCTCGTAATCCTCGCGCGGCCGCGGCCACATGACTCATGCCAGGCAGGAACAATGAAAAATCACAATAAGTACGTCAAATT,1.0
CGGCTGAGTTCCGCCTACCATCTAGATTGGTAATGGAAACTGTAGTCCAGCAGGCCTGCCAAAGGCCGGCTATAAAGACGCGGACGATATGGAACAAGACATCATTGGGTTCAATACTAGCGACACAGCAACACCTTCAGTTAGCTCGAATAGTTCGTTAATCAACTGCAGAACAGAACTATAGCTTCAAAATGGTATGTTTCAGCTCGCCCGTCCTCCAATCCAATAATAATTTCTAAAGAAAATTTAAAGGCAATGCTCATATTGCAATTTAGCAATTTAGCAAATCAGTTTTCCCAAA,1.0
AGTGTAGTTGGAAACAAGTGTTATTGTGTCACATTCGTCTTCACAGGAGCTAGATCTGTGTTAAACTTGTATAACTAGTTCTTTTTTATGTTTGGCCTTTATAGAAAATTCGGTGGTCGATGTCGATCATTATATTTACTTTCAATACTAACTTATTTTTAAGCATACAATTTTTATTTGTGTTAATTACTTGTGCGTTAAACTGAACCAATTCATTTATCATACAACTTAGAATGTCTGAACTTCAGTCATCTTTACTGTTAAAAAAACAATTGGCAGGTAAGTTTAACAACTTCAAACG,1.0
ACATATATACATATATACATATATACATATATACATATATACATATATACATATATACATATATACATATATACATATATACATATATACATATATACATATATACATATATACATATATACATATATACATATATACATATATACATATATACATATATACATATATACATATATACATATATACATATATACATATATACATATATACATATATACATATATACATATATACATATATACATATATACATATATACATATATACATATATACATATATACATATATACATATATACATA,0.0
CGGCCTTGACTTTGCTCTCCAATCTGACAACAGAGACCAAAGCTCTCCGTTGATCGAGCTTTCTCCGCCGTCACTGGAATCGCAATCGTGCCCGCCTATCAGTTGCTTCACCTCCGCCGTTACTAGTGGACGACTGTCCTCGCGAAAAACACGTGCCACACAGTTGATTCGAGTTCAAAAAGTGCATCCAAACCAGAAAAGTTTACATAGAAAGTGATAGGAGCGTAGAAAAGAATCCGAAACCAAAAATGATATCCAAGCGAGTGTTAGGTAAGTTTTCCCCATTTTGGCCTCTTTTGTT,1.0
AGTCATATATAAGCTCTTTAGAATTATATTTATTGCCTAATTCTAAAAACAATCCATGTATTTTTTATATATATGTATGTATGTATGTTGCCTAACAGTAAGTTGAAAGACGGCAATTCACTACTGAGAGAAACGCACTCATCTGGCATGCCTTAGATGAATTTATTCAAGTGCAAACCATTTTTTTTGTTGCAATGTTTGTAATTGTTTTGGCATGCCTTCCTAATAGTGAAATATAACAACACAAATAAATCAATAACTTATGTGCTATACACAAAATACTTTTGTATTTACAAAATAT,0.0
GACGCCGGCTGCGACTGCGGCTTCGCTGCTCCAACACTTGGAATATGACAATAGAGCTGAAGAGCGAGCTTTTCGAGAGACTGCACTAACACCAAGGCGGTTGTGTAAGACGCGCGGAACCCACACTCACGCAGGCTCACTCGCCGGCAAAAAGTTGAAAAAATTCGCGAATGTTTTGGCTAAAAAAGCTTAGAGAGGCTCTCCGAGATGGGCCCCTGTCCTCTCACGGTTGGCGACTCCCATTCTAAATACGCGCTCTGCTCCCGCACACTCAAACAGGCACATGAATAGGCACAGAGGC,0.0
TGCAACAGCACAAAACTGTTAATTGGGTACGCAAAGCTCAAATGAAGAACAAATAAAACACCTTTAACTCGTCAAGTGCTGCGATTTTTACTCAGATAAGATGTGAATGTACATAAATAGGTTATACCAAATATTTCCTTCAGACGTGACGTGGTCGCCATACATAATTAGGCGTAAGAAGCGTTATAATATTACCTTTTTATCTCGTTTTCAACGAGTTAAACCCGGCTCACTATCAATAATATATCGATCGACTCTTTTACTCTGTTGACCTTACAAGCCCAAGACATTGACGAGCTGG,0.0
ATGTTAATGCTTTAAAAAGTATTGCTCACAGTGCCCTGTTGAAATTTTGCAAAAAAATTGCCAAAAACTCCAAATATGTAGAATATGTATGTAAATTTTCTTGAATGAAAATTTATTTCGGGCCGAAAATCGTCTTCTAGCACAAGTACGCACACATATACAATTTCTCGTTTGTATGGTCAATGTATGGCCGTCACGCATCTTTTTATTCTAATGTATTTGGTCCTACGTCATTAGGAATAGCTTAATTAAAAAATTGATCAATTATGCACTCTAAAATTTAGAATATTGAGGCATTACC,0.0
TTTCTTTTTAACAATCAATAGTTTAGCATATATATGGTAGCTATCGTTATCGATAGCAATATATCTTTGCTATCAGCCCATTGGTCATCACTAACGCGAAAACAAGAGGAAGAGTAATGTGTACACTTTTGTGTCGCTCCTTTTCGGCCAATTTAACAAACGAAAAAGTATAAGTACTGGGCAAATCAGCACTTGCACGCCTCCCAATACGTCTCGCCAGCGCACACCTGTGTTCTGGGCTCCACCGGAAACTCGCCTTCAGCCATTCGACGTCGCCAACAGTCATCGGATATGGCACGCC,1.0
ATTTTTTCTTGTTATTATTGAAAAAAAATCCTTTCGACATATAAACAAAATGTAACAAAAATGCATGACTACTTCAGAAGATTATATCGTTCCCGGCGGCTTGAAATTATTATGACAGCCTAACATAAAACCTGTGCGACAAGCATGCATAAAAATTACGTATATAAAATAATATATTCCTTAGATGTAAAAAAAAATATTTATGTGCATGATTTTTGAGTTCCCATTCTATACCAGCATCGCTTAATACTGGCATGTCACATATAAAATAATATGACATCTGCCTGTTATGAATACATAT,0.0
GCTCAACAATCGACGTACGACTGCCCACTCGACGTTGACGTTCCGACTGGAACTTCGAGTTCCCGCAGCGAGAGTGAAAGAGAATGTGAGAGGACAGAGAGCGTGCAGTGCTGCGATTTTAGCATTTTTCTTTAGCCATACTATACGGACTGCTCCAGTTTCTTCTTCTTTAAAAATTAATTAATAATGTGATTTATATTATATTTATAAATTATTTCCTTTGTAGTTTTACCTAAAATGTATAATGATTGCTGTGTGAAATACATGCCTTTTCTCTCATCTTTTTCACTTAACAATTAGT,0.0
TCCAGTATATGATTTATATTTGTTGTTACTTAATTTGATATCGTCTATACAGCTGTTCGGTTAGTGGGACCAAGCTCATTTTTTCAGTTTTTCTAATTAATCGATATACAATGCTACACCATCGACGGCTACAAACAATTTATAGCAACTAATTGTTAAGTGAAAAAGATGAGAGAAAAGGCATGTATTTCACACAGCAATCATTATACATTTTAGGTAAAACTACAAAGGAAATAATTTATAAATATAATATAAATCACATTATTAATTAATTTTTAAAGAAGAAGAAACTGGAGCAGTC,1.0
TTCAGCTGTTTCGAAACGTAGTCAATTTCCGATAAGATCGAACTGAAAATCGCTCAGCCCATTTGCATATAAATAGTGCCGTCGCCGGACAAAACCAGACAGTGAAGACAGCTTACTGCAGTCGTTCCATAATGTTGCTGTATACCGCGGTCCTGGTTCCCGTCCTGATGGCCATGTGCCATGGCTCCCTGGCCGAGGTGAGAGTTCGCAGAGTAGCGCCTTGCCACTGAACTAATCCCTCAGCTGGCTTCTATTCCAGAAAATGATGAGACCCAAGTTCAAGGACATCAAGTTCTGGAGC,1.0
TTGTCCTCTCCCTACCCCTCATCAAAATATATATTTCTTTTTAATTTTATAATATTAAAGTAATATTAATGAGAAAAAACTGTAATTGTAATTGCTCTTTAAAAATACAACAAATACCATTTTAATTTTTAACCCTTCTGTTTCTTGTTGTCGCTTGGTCACGCAAAATCCATTAAAAATCACGCATATATATAAGACCATATTAAAAAGGAAAGTACTACTTAAAAGGTAATTTGAAATAAAATTTAAATATTAATGAAAACTACTGCGCTGTTCGATTTTTGCACATGCGTTTCAAAAA,0.0
ATACTTTTAACCTATAAAACCGATCCACTCACTAATGCATCAGAGGCTTACTGTAGCCGACGACTGAAATGGCGAACAAACTCTTATCGATAAATTATCGAATCTCAGCTGATTTCGGACTTTTCAAGAACTTAAAAAGTGCATTTATATTTTCTGTAATATCCCATTGCTAAGAAAAATGATAAAAATTAGCGATGAAAAGACCTGGCAGAGCAGCAGAGACTCAGTCTACGAAGTTGGCGACTCGTATAGCGGCCAGAATGCCAATCGACCTCTGGTGGCCACGAACTGCTCCGAATAT,1.0
AAAAAAAAAAATGTTTTGATTTTATTATTTGTGATGCCAATTTGCCAAACAAAATTCGGAAATTTTGATAGTAAAGGAACTCAAATAGACCATTGCCTTAGTTTGTTTTTTAATATATTACATAATTTTGAGAAATAAAAATAATCTTCACTCCCAGCAGTCAAGTTTTTCAACACGCAGCTTGGAAGGCACATTGCAAAGTAATGTAAAGTAAAAGTAAGGAAACGGTGCAATGGACTCGTCCTTCTACAGTAAAATACTCCTTTCCGCCAGTGACCAAACAGAGTGGTATTTTTAAGGA,0.0
TAAACGATTCTGGTATACCCTATTACTCTACAAGTAACCGGTATAATAATAAACATAGAAAACAACAATCCTGATATGTGTGGAATATGTTAATTCATTAAATGAAATATTTTTGTTGGTAAAAATTAAAAATATTATTAAACTTTTCTCAATCGTCTTCAATACTTGAATATCACATATTTTTCACGAGAGTTCAATCATCAAAAATCAATTTTAATTATTTTCTTAAAGTCATTACTAAAGAATGACTCACAGGACTCAAAACTACAAAACTATTTAACTTATTCATTATATATTGGTT,0.0
TAAATATGTGCATATGTATATTAGAGAAGGCGGCATCCACCAACATGTTTTATTTTTGGCCGTTTTGCGTTCAGTTTTTAATTGCGATTGCCCTTGTTTCAGTTTCACTTACGCCCGTCCACCGAGGAGCTCGTCGTCGGTGACCGCAAACTAATAATTGTTAATACATATGCATATGCATGTACATAAATTGAAGTAAAAGTTCAGTGCTCGAAAGGCAGTAACTTAACTCCATAGTTATCAGAGTCAGCCAAATACGATTACCTAACCATACAAACACAAATCGCAGTGGGCCAGTCAG,1.0
GTGCACGACCTTTTCCTTGGGTGTTCCCTTTCACCCTTCATTTCTTAGACAATCTCGCTTCCGCCCATACAAATTTTATGCATACAGAAAATGACCTGCGGCCGATCGTTGCTTGTGAGTCGCTCACCAGAAAAGGTTATTGCGCTCGTAATAAAAAACTGTCGGATATTTTTTATTCCCGCAAGTAGAGTGTCAAAAAACACCCGGCTGCCTAGATACAACAGTGTTTAGCGGGTGCACTTGGAGTGCCAGTGGCTTGCTGCAGTTCTCTGGTGCACACTTTCGATGCGATTTCTTACAG,0.0
GAAGCTTTCCCAGAGCTTTTGGGAACTTTCTTTAACGGCGGCCTACGTAAGACTGAGATTTCGGATCCGCAGTAAACAGCAACTCGCGTGTTTTGCGCAAATTAATTCAGGGCCAGACTGGGACAAGGTAGTGGTTATAGCGCCAGCACGTGCGTGGCAACAGGCTGATAAGTCCGCAGAACAGCAAGATCGGCCGATGGCGCGTACTTTGTTTTTCGATCCGGCGTTCCTATACAACGGGAATTATTTGCGACGTCAGCTCAAGCCTCTTTCTGATTGGAGCCTAATAATAATACAATCA,0.0
GCTGCGGGGTGGTCCCACTCGGAGATTGACACAGCAACTGTTGCGTCAAGTCGTGTGGAAACAGCGGAAGGGATTGCCGTGCCTGAGCACTCCACAAAGCAGTTGACTTTGAAGTCAAATAGGCCTCGTGTCGAAATTCCAACTTCTCGGCCAGGCCACACTCAAGCCGGAGATGCCTCCGAAACCCAAGCATCGCGACGTAGCCGGCTTTCTCAGCCGGGTGCGCAACTTCCTGCTGGGCCGCACCCACAAGACGGCCCATCGCTTCGCGGACATGGTCTCTCCGCGCACTCAGCCGCCC,1.0
TACGTTACGTAGGTCATGTGGCTCAGTGGGACTATGATATATTTAAAGCCCGCATTCTTTACAGCACTGCAAAGTTACAATCCTGGTACTATTAATAATCAGTGGACTACATATTATCGAAAAAGGCGTCGTCGGTTAAAGAATTTATGTTAAAACCTGATAAAATGGGCACGTTAACCGATTTCGGACAGATAGCTTTGAAATGGGATCCCAAAAATTTGGAAATTCGCACAATGTCAGTTGAAAAAACACTTGAACCCCTTGTATTACAAGTAACTACTCTTGTAAATACCAAGGGCCC,1.0
ATTCAGCGCATGCTAGAGCGATTCGAGCGGACGACTGCGGGAGAGCTCATTCAGGTAAGAAGGCACTTTAAATCGTCTATATACATACATATGTATATAAAGATAGAGATTTATTGTTAACTGCAATCTCATTGTGAGTCAGCCAAAAATGTGTAATTGTATACCCGTTACGCGAGTGTAAAACGTTTAACTAAGCTCGATAAAAAATCTTTAAGAGGTATATATTTATTCTTAATCATTATCACTGACCAATTCAATTTTGCTTCTTTGCATTTCATTATTTTTCCGGCGAACTTCCTTT,0.0
TTTGGTGGAGGAAATAAAGTTCCAGAGAGAAGAGAGCGAAAATCTTCCATGGGGCTGGAACGGAATGGGGAGGATTCCAAGTGTTCCTTTATCTAGTTTCAACCGACAATTCAATGGTTTGATAATCAATTCGCGACTCCATGACAAAATTCTATATTTAATGATGTAACAATTACACGTTTCTGTGTATAAATAATTAAATTGTATGTTGCTTATCCTGAGTATTGTGCAATGCGGACGGTACATTTAATAATTCGCTTACGTGATAAATAAGTGGCATGAAAAATATTTGCAAGCAATA,0.0
GTTACTAGATGAACAATTGTTCGAGATGACAGGGACATGGGCGTGGGGCCGGCGGGGCGGGACAGAACTTATTTAAATGCAGCTGCCGGAGCGCATAACGAATCACTCTGATCGCTGTCGCTGTTGGATTTACACGTCGTGAGTGTAGTCTTGTCCGCCCATCCGAAATCCGTAACCCGCATAAGGGATAACCGATCTGTCTGTATCCTTGTAGTGCCGCCCGCACCAAACTAACCAAACATGTGTGACGAAGAAGCATCAGCCCTGGTCGTAGACAACGGCTCCGGCATGTGCAAGGCCG,1.0
TATCTTGAAAAGTAACAACAGGTATTTTTGTGTAATTTTTTCCATGAGCCTGTTACATATTTGGATTAACTTGACTATTTATTGTTTTACTTAGTCGTATAAAATAAAACACAATCTTTATAGCAGCTATATATTGCTGACAAATTGCCATAATAATGATTCAAAAACAAGCGTTAGATGCCTGCATTATTTCTTACAATGAAATCAAAATGCAAAATATATTGATATATTGCACATATCATTTGTATATGACTTAATTGGTTGCATGGTCTCATACGGACCGTGACGTATATGGAGATAG,0.0
AACGGGTAACTGATAGTCATCGAACTCGACTAAAGCGATGCAAATAGTCGTTCCTGGTAGCTCGACGTTCATAGAGACGGACAGACGGATCCACTCGTCTATTAATTCTGATCAAGAATATATATGGTCGGAAACGTTTCCTTCTGTCTGTTACGTACTTTTACTCTAGGAGTAACGGGTATAACTATGAAGGACTAGTCTGGACGGGTCTTAAAGCATGACGCACGTCTTATAATTGTTTTAATTTGGTCTTTTTTTGTAGCGTTACTGCTAGTGTTGCTGTATTAACCTCATAAATATC,1.0
TCGCCCTGGAGTCGAAAATATGGATCCCTGTGTGTCCTTTATAGGTTCCCCTTTTCCCTTGAACTAGTTCCCCCCCAGAGAGCGGAGCATATCAGAGCTCCGAAACGAAATATCGTCATCTCTATTTCATCTTAATCTATGCTAAAAGCCAGCTCCCTCCACTTGAAGGGAATATTGATTCCGTTTCATATTCGGAGGGATTTGGCAGGATGTGCCTAATACCGTAAATGGGGGTCAACTTAACCTCATAGCAAGAAATGTCAGCAAAATCACGATATCTGAGCCAAGGTATTTTTATTGT,0.0
TGTCAATTTCTATCAGTATAAACACCTTTTGGCAACGCCACATTATACGGCCACTAACTGGTCAAAACACATCCACACATTTGAAAAAAATAAATTTGTTCTTATATTATTTGCTATTTTCCCAATTTCTTTTGATCTGAGTAACGGGTAACTGATAGTCATCGAACTCGACTAAAGCGATGCAAATAGTCGTTCCTGGTAGCTCGACGTTCATAGAGACGGACAGACGGATCCACTCGTCTATTAATTCTGATCAAGAATATATATGGTCGGAAACGTTTCCTTCTGTCTGTTACGTACT,0.0
TACCTAATATGAACAAAAAAAGTACAATATTATTATTATTGCGCCCAAAGTTGCCACATCAATAAATATACCCACCACGACGCGTAATTGGCTAACTAAGTGCACCGCCACACGGGCGAACTGAAAAGGGCGCTACACCCTAAGTTTGGGCACTTAAAACCGTGCAAGCATTGAAACCCGCGTTTTATATCATATACTATATTCGAAAAAACCTTCGAAATCTTAAAATTTACTGGACTGCAGTTAGTTTAAAGCTATCGACAGGCAATACACTCCCAGTAATATTAGGATTTAAATAGCT,0.0
GATGGTCGTCTAGCGGTGTTGCGCCGTGTATGGAATGTGAGGCAGCGTCTCGACTTGTTGGTGCTTATGTGGTAATGCGAGTATATATTGCTGATTCGATTCGCTGATTTAAAACATTATTACAAATAAACAGTCAATCGATAAATTATCGGCCGCCAGTGGCCAGAGTGACCCTACCTTACCACCAGAAGCACTGTTAGTTAACAGAAGAGATTCTGACGATCGTAGCAGCTGTATAGGAGCACTATTAGCCTATTAGTAATTAATGATCTGTTAAATCTATCTTTTTTGAGTACTTTAA,0.0
TGAATTGCGAAAAACATTCAGACCACCTGCAGAAACATAGTAGAGGCCTTTTTTGTTGGCTACTTAATTTTTTAGGGCATACCATGGTCAGTCAGAAAGTCGCTGGCAATCTGAGAAACAGTCGCTTTTTTGTAGCTGAGAGAAGACGGGTATCGAATATCCGAGGATCGGAATGTGGCAGTCTAGCCACATACACATACAATTTGAGGCAACTAGCTCGTTTTCATTTTTTATTGGTAAATTTTTGGTATATTACGTTCTTGGTTGTATTTTATTTTCTACCCCGAAGCTTATTAAGTAA,0.0
CTGGTGGGAACAATATAAATAATACACTTAAACATTCGTATAAGCCCTGCGCGCGCACGTGTTTAAGGCTAAAAGTGTCATAGCTGAACCACCTGATTTTGTTTCAATTTGGTGTTTAATATTTATACAGTTCTGTGTGTTTTGGTATCAAAAGATACGGGAAAAATATTCGTTTTTATTCTTCTAACAGCTATTTAAAAAGTCAGGTACTACAAAAGAAAATGCATATATTTTTTTGTGTACATCGCAAGCAAAACACGGCCTAAAAATGGCATGGCATAAATTTAGCATGTCAAAACTA,1.0
AGTTTTTAGTTTTTCCATTTCCTGAATGACTTTCATATGTGGCATGCTAAGCAGCAGACGAAAAGTATAATTAATAAAGCTCATCGCTGGCCACTCCCCCTTCCGGTGGCTGAAAACAAGTGCCTTTGTGTAATGTTCATTTGCATGGCGCGCGGCACAAAAATGTTGTGTACATTGCGGTAATTAGGCTACGTGCATGGCATTTGAACCCTTTCAATTGCCGTCTGGCATTTCAATTGCGCTTAACAGATGCACCTGCCGCTGTTGGGAAAGCCCTGTTAGCAACTGGAGTTATGTAAAC,0.0
ATTTTGCCCATTGCAGATGTACATATGCTTGAACTCACCATATCGGACACACACCGCAGACAGCGACCGTTCGCGTTGCCACCTGGTTCAAGTTAGCACAAACACACCACGGCACTGTACTTTTTCTTCGCCGTTTACCAATATTTCAAAACCAAGCAATAACAAATAATAAGACTCCATTCAGCACTATTTTTAAGTCACACTTTAAATGCTCTCTTCAAAGGCTTGGGCGCTGGAGTCGTGAATAATGTTGGCACAGGAGATTTCACCTACGGAAATCGGCAAACACGCAAACATTATA,0.0
ACACGACAAATGACACGATGTATTTATCGATGTTGTTTCCATACAAAGATAACACACATTTCAGATGTGCATCTCTATTTGTAATGAAAGAATCAGCTTTAGTGTTTTCTCAGGTTTTCCCAGTGCCTTACATCCCGCAACATAAACATCAATAAATACCGACTTCTGCACCAAAAACCACTGACCATCGTGCTACTATCGATAAAATCATCTAATTATTCTCCCATCAAATAGACCAATTGGCCAAAATGAGCGATGTCTACGAAGATCACTACCAGGTTCTGGGCTTACCGAGAAATGC,1.0
GGGATGGTCGATGGAAAGTGGGAGGGGCGGGGTCCCAAAAATAAGCTCAAAGTGAGAACTGAACGCGGCATATTCCGCCCCAGTAGATAAAGTGCAAAGCCCTTCCCCACACCCCTCTATACAGTGTGTATATCTTTCATGTGTGCGGTGTATCTTTCGGGTTGGAGCAACCACCAGACAACCACAGGCAACAGGGAACGCAAGCTTAAATGTCATGTAAAATGTTTCCACTTACACAAATTACTGTGTATAATTTAATTGTGCCACAGACCGGCTGGAAGCCGAATCTGTCCCACGAGCG,0.0
GGAATTTTCGACAAAGCCCACACCACTTGGTGGCTACCTTGTTATCTTATCCTTCGAACCAGCGATGTTCCTGTACACACCATCCACCAGATTAATTATATTCAGTTGGTGCTTTATAATGTCTTGAACATCTTGCCGGAGTGCAACGTCGTACGGCTGTCTGATGTCGGTCGTATTAATTTCCGTAAGGTCTGGGGACATCTTTCCTCGGCACACGACATAGCTTGGCTTTCCGCAAAGCCTTAGGTTAGCTACTTGAGCGGCTTTCTCCTTGCAACTACTGTCCGAGGAGCGAAACATC,0.0
TATTTTGAATGAAGGGTTTGAACATAAAAAATATCTTCGGGAATTCCTTTTTAACAACACTCATTAGTTGTTGGTAACTTTACTTGACTATACTGGAATAGGATAAATGCCAATGTTACTTGACTTTATGAGATAAAACTATGAAGGGTAGAACATTTAGTTCGTGATCTAATCATAATGTATTTATTTAATTATTGTTTAAAAGATGAATTTAAAACGATAAGAAGGCTCGTATAGCCGAAAATAGAAGTAACCCAAAATGCATTCACTTGTCGATTTTTTAAGAAACAGCTGATGGGTG,0.0
TCAAAGAAAAGTCCACGAAAAAAGGCAGAATAATCGGTAAATGGACGTGTAAAGTGTCACTGAGCTAAAAGGATCTCAGTTAAAAGAAGTCCAAGTAACTTCGGACCGGTCTCTGTATTCTTGTAAAAACAAGGGACGGCGGCAGCCGCATTTCACCAACCCATAAGAAAAACAGCGTACGTCACTCACACAGACGCAGGCAACCACGTATAAAGTTCAAAGTTGTCTGATCCCGATCCGAAAGTGGGCTTAGTTGCGAAATGTCTGAACATGGGGCGTGGGCTGGCGAAGCGTTCATCTT,0.0
TACAAAACCATGAAGTGTAATATATATAATGTGAATTTTTGTAAATGTTACTGTTATATTTATCTGCCCGAATACCAATGACTTAGTTATGATAAGCACAAATCTGGGTTGAAAAACATAAGGTGTGCTTATGGTTGAGGTAAGATTCTAATTTACTTATTTAGTTGTAGTTTTTTAGCTTTGACGTTTAATCGCCAAAAATATTTTTTATTCCAATAAAAATGTATCGAAGAACACGAACACATACATATTTTACAGTATGTAGATTTTAGTGAGAACAACATATAAAGCAATTCAGTTT,0.0
GATAGGCTGTGCACACATTTCCGATTTCCGATACATGATATTTGTTTAATTGTTACCCCGTATTGAGTATAAAAGGCCGTCTGATTAGATTAGATTAGACACAACAAAATGCGCTTCCTATTCGCTCTACTTCTCAGCGTGCTCCTGTGTCTGCTCCTGGCTCAGGAGGGCAGTAGCAGCACATCTACATCCTCGACGGCGACCACATCCACCGACTCCTCTGCCACCACTACCACGGCTTCATCCGCCACCACCACTACCACCACTGCCTCCTCCGCATCCACCACGACCACTGCCTCCT,1.0
AGCGACAAGCATATGAATGGTTAAATAATAATCCGAGGTGACTGCGCCCGAGTCTAGATTGCTGGGGGCTGTTGCCCAGCTTGAACTTAATTTACTAGTCAGTGACTACAGAGCCGTTGAATCGATCGCACGGATCGCGGGTCGAGCATTAAAAATGAGCTTTAATTTAAGTCTGCGGCCCCCCATCCGCCTCCTGGTGGACCTGGTCCTGCTGGGCCTACTTATTGTCCTGGTGGAGAACTTCCGTCGCTTGTGGGGGCCTCCGACGAAGCGTGGTTTCTTCTGTGATGACGAGTCCTTA,1.0
TGCTTTTCGGGTCAATGTCAACAATTTTTTTTTTTGGGTGGGACGCACTGTCCGAATCTTAAGCAGTTTGTATAAAATCGGGCCCCGCCGCCCCAACGCCACATATTCATCGCAATGGCGCTCAGCTCGACTGTTGTCTGTCTTCTCGCCGGTTTGCTTCTCCTCAGTCTCGCGCGGGCAGATGTGGGCGTGGCCACGCAGCGTCTTCGCCCAGCGGATCAGCAGAAATCGGCCCTGTATCCAGCAGCCGGCTTTAAGCCCTCTAGACAGTTTGGCCTTCCGGCAACCGACCAGCAACCGA,1.0
CACCCTTCATTTCTTAGACAATCTCGCTTCCGCCCATACAAATTTTATGCATACAGAAAATGACCTGCGGCCGATCGTTGCTTGTGAGTCGCTCACCAGAAAAGGTTATTGCGCTCGTAATAAAAAACTGTCGGATATTTTTTATTCCCGCAAGTAGAGTGTCAAAAAACACCCGGCTGCCTAGATACAACAGTGTTTAGCGGGTGCACTTGGAGTGCCAGTGGCTTGCTGCAGTTCTCTGGTGCACACTTTCGATGCGATTTCTTACAGTGAGTCCCGTAACAGCAGCTATTAATGTTGC,0.0
TCATAAATTTTGATAACATATATTTTTAAATAAACAAAAGAATACAGAAAGGTTAAGGTAAGGATGATATCTACAGAACTTTTTACAAATTTAACCGCAAAGTCTATTGGCATACATTAAACCGGGCTTAGTACCAGCCATACGGCAAACTCTGCTGGCAATATGTGATGATATTAACCGTTTTTCTTCATTTTGGGATTGCCCCTTATATTTTTTTTGTAAGTATAGGATTTGTATATATATATCCCCGGTACCTGTTAGCCAACCAGAAGCAGTCAAACGTAGTGTAAATGTAATATAA,0.0
TATCGCAGATACTGGAGTAGAAACTTTGAAGTGCCATGTCGGACAACAAATAAACAACCCAAACAACACTGTGTTTAACCATAGCAGGGGTGAAGAACACATGCACCGAGTTCTTTGTCGGAATTAGAAGTACAAATAAAGCCGAACCCACAATGAGTTATAATAAATGGGAACAATAGTGACCCTAAAATTTTATGAATGGTTAGCGTTGCTGTGATTCCATTTGATGGCATTTGTAATTGCAATTATAGTCAGTGGGTCTGTGGCTTCGGAAGGTTTCTTATCGGGACTCGATGACAAC,0.0
AAAAAGAAAATATACTGCTGAGAAAAAAAACATATGGCTTAATATAATTTAAGATAATTTTTTTATAATTATATATTACAGTAATTTGGTTATACTACAAATTAATAATAGCTGGTATTTGGGGTTTTAATTTATTAGAATTATTTGTCTAAGTCAGGAATAATTGCTTTCAAAACTATTGCATAGTTTATTCATTCAATTGCCAATGGCTTTCTTACTTAGTAACTTACAGTTCAGTTTTTTATTCTTATGGCTAACAAATTTATTAAAGTTGTTAATAGTAAATAAGCCTTTCTTTTTT,0.0
CGCTAACAGAAACGCTCTCTTTCTGCGCAGAGAGCGGCTCTCTCTTTGCTATTGACTCTCCGCCGAGGTGACGTATTTTATTTTACAGTCGAACGCGAACCAGTTACTTCCGAAGTTTCCCAGCGAGCGGTACACGGGCGGGCGATTTGTCCGAGAAGTGAAACAAGTCAGCATTTTTAGCACGTCACGACGAGGCAAGCAAAATCTTAAAAGAAAACACGAAAAGGCGAGACAGAACTGTGCGTGAAACATTGTGCATCGTTGCGAGTGCTTCTATTCAAAGCACCCAGCGAAAATATGT,1.0
CAGTAAAAGAGAAAGAGTAAGAGGAAAGACACCGACACACAACGCCAGCAGACGAGAAGTCGTTCAGACGACGAGGCATCGCTGAGAGGCGAGTCAAGTTGAGTCGCGTTGAGTCTCGTTTCGGGTTCGGACTCAGAGTCGCGTTGGCTTCGCGTTCGGTTTGTTATTTTTTGGCATTTTGTTCGATTTTTCGTGCCGACATCTAATAAAAAAGCTGTACACAGAGTACGTGCATGTGCGGAGGTCTCTCCCGTCGAGAACTTGTGAAGCAGCCATCAAAAATAACTAAAAATGTCGTCGG,1.0
TTGCTATAAATTGTTTGTAGCCGTCGATGGTGTAGCATTGTATATCGATTAATTAGAAAAACTGAAAAAATGAGCTTGGTCCCACTAACCGAACAGCTGTATAGACGATATCAAATTAAGTAACAACAAATATAAATCATATACTGGAAAATATGTTGTGCCGGCGATCATTGTTGGGCGTAACGACAAAATGCCTAAGACTTTCGTCCACGCAGCAACACAGATCGGGTCAGCCGGAATGTGACCAAGCCATCGGCCTCTTGCCCGCCTACTCGGATGCAGATCGTTTGAAGATCTTGAA,1.0
CAAATTTTAATCGCAATCGCAATGAACACTTACAATTACACATGCTCGCCCCACATTATCTCGACCAGCGACCAAGGCGGTCAGTCCGTTGGTTCGCCGCAGTAGAAATCGTCGGGCTTAACGGTTCGGTTCCGTGCGCGTTCCGTGATTTGTAATAGCTCCTTAAAAACACATCCCCTCTAACTCGATTCCCAAAAATGCTGCAAAACAGTTTCAAACTGGCCCAGAGCCTTCGAAACGGCTTCTACAGAAACGCCTGGCGAGCGTTCAGCTCCCACGGACCCCGGCAGCCAGTGAGTGA,1.0
TCTATTGAGACTTTGCAACCCAATAACGTCTAAATTGTCTATTATTTTTACAAAAAGTGCTATATTATGGATTATAAAGATACATAAATATAAACAGGTAATATACATATTTTCTATTTTATCGTCAATTACAGATTTTTTTCATTGTTGCTTATATAAAATGCTTATAATAAATAGACTGTAGATAGAGATTAACATAGTAGTTCTTTAAGAAGTATTGTTGTTAAAAATAATGACCAATTAAAAAACTCCCTTCGCGTATGCCGGAAAAATATTAAATAGCTTTATTGCTCAGCTAAGG,0.0
GCAGAAAAGCTAGCCTGACATCACTGTTGCCTTCTTAAAATCAGTGGTGCGAAACGGCGATTGGCAAACAGCTGTGATTTTGGAACGCTGGCCAACACTCATATTTGTATACGCGTAAAATCGCTCAGATTTTTTGTTGTGCTGTGGAATGTTGTCTAAAAGTGCTAATTGATCGGGGCAGATCATGTAAAACTGGGCGTAACCCACATAAGCTAAATGCACCCGCACCAGACCGCAGGTTGAATTCGTTTTTCCGCACTCCCGCTCTTGCTAATGAACTTTTCCGTTTGCGCAGTAACTT,1.0
GACGCGTGCTTCTGTCACACTTACGTCAGTGGCGGCGCATGGGGAGGTGGACCAGGGATCTCCGCCTGATTGGCATCGGAAATTGAAGTGTTTTTATTAATGCTCATGTCGACTTTTTGCACTGCCTTCGATGACACTGCCAATGTTTTCATTTTTGGCCAAGCGGTGTTCCCCCTTATTTTAGCTGCTTTGTTTCTGTTCTGTGGGCTTAATTGAAATTCATCGTTGGCAGATTTCGATGCCGAGCTGACTGACAGCTGAGTGCGTGAAAAGATTGACGCTTATTGAATTGAGTCATCAG,0.0
AATTTCATTTTATTTATTTTAAAATGCGTCCCGTTTGAGTGGAGGATATGTCTAATATAGTCCTAAATAGATACCAAGTAAATATCTTTTCGTATCACTCCACACACACACAAAAAGTTGAGTTTATAATTACATTATTCACGCAGCCCTCTAGGCTCCCTCACTATGCCAATTTCTTTTGTTGTGTAGTGTAATAGCATAGGATTGGCAGCCTCCGATTGTTTACACCAGCGTAGGCGGCACTGCAACAACAACAATAGCATCCTCTGCTCTCATTCTCTCTCCCGTGCTTTGCGCTCTG,0.0
CGTTTTACCTTGGATTAAATAGCTACATTTCATTAGGGGAATTCGATTATAATCGGCGAATGTTATCCGATTAATTTTCGCATTTTACAGAAACGTTTTTACAACTAAATTAAGAAATAAAAATAAAAAATTAATAGTTGGTTGCTTACAATTCTGTCTGTTTGTTAATAACGAACAGAAAAAGTGAAGACAAAAAATTTGTATTTGCTAGTTCGCAAGGACTAATATTATTGTTTCTTAAATCTTAATACAACAAAAATTGCACAGGTAACTCATTCAGGTGACCATTCTTATTTGGGTA,0.0
TTTTGTTTTGGGACAGTAACGGGCCACAGCCGGCACATGCGCTTTGCCCGCTCCCCGGAATCGCTGAACTTCGCCGCAGAGTTTTCCGCTTCAGAACCCGGAGGGCAGACCGTCGGAGAGTTCGAGCCAAGTGCGGACAAAGAAGACTTTTCCGTGCTGCTGCTTCTGCCAAAAACACAAAGTGGAAAATGTGATGTGTTCGCTTTATTTGTCGAGGATAAATCAATTCCGCTATTAACTAGACTACGGGCACGTACCTGGCCAAAAGCATCGAAGAAAGGCGAAAGGGAATCCAATAGGC,1.0
CTCGTTCCGACCCGAATTGTTTCGGCCCGGCCGAAAAGGGGAGCCGACCAAGAGGCGAACTGTTGCGGGTGGCTAAAGTTTAAGGATGGACCGCTCGCCTTCAGTTCCGTGCGAATTGGCGTTGGGTGTGGACGCGAGTGGCGGAAGCAGGCGGCGTTGATATATACGAGCTCTTCCATCTTTCGTGATGCGGTATTAGAAGCTGGCAGCTCAGAGATTCCCGCAAAGTTTAAGTGACAATTTGCCAGCCAACAACAACTTTCCGACGCAGGCAACGCAAATTGAATTCGATTCGATTCGA,1.0
CACACGCACCCATAAACCTCAATTCCACCCGCCTCTGGAGTCTTCGAATGACCATAAAACTAAATTGCCAATTGCGTTTTTATGGCCCACATGTGTCCCACGGCGGCGTGGATCATTTATCCGACCCAGGTCCGATCCCTTGGCCCAGTGCCACCCCCGAAGAGATCCACAGACCGTCCGACACTTGGATGGTGCGGACTCCGCGTCATCATCCAGCGTTCGGAGTTGTCAGGCGGATGGTTCGCACGTTCCCGCGAAGATCCCCGCTGCATACTAAGCAGGGATCAGTCGCGTCTATGGG,0.0
AGCCAGCTGAGGGATTAGTTCAGTGGCAAGGCGCTACTCTGCGAACTCTCACCTCGGCCAGGGAGCCATGGCACATGGCCATCAGGACGGGAACCAGGACCGCGGTATACAGCAACATTATGGAACGACTGCAGTAAGCTGTCTTCACTGTCTGGTTTTGTCCGGCGACGGCACTATTTATATGCAAATGGGCTGAGCGATTTTCAGTTCGATCTTATCGGAAATTGACTACGTTTCGAAACAGCTGAATGCTTTTCCAAAGTCCACCCACTTAGTTGACTTAATTCACCACGACAACGTG,0.0
TACCAAACCCATAGCACCAAAACATCTATTAATAACTAAGAGTCGCCAATATTACGTCAAATACTATGTACTGGTGCTCATAAACGTATTTTTGGAATACTAATTACGTAAAGGGGAGTTCGCTAATATTTCAACCAAGCGAATAAACGTATTTACCTATATGGCTTATTTAAACAATAATATCCGAATTCTAATGCTAGACTTATATGCTAAACATATTATCCAAACCTTTTAAGATGAATTCGGAAAATAGCTTTCAAGCCGTGCTCCGAACCCTTCGCCGCTTACGATCCACTCGGGA,0.0
AAAGGAATTACACATTTCGAAAATAGAAAATATTCATATCGCTTACCGGTTTTGGTATTTTTTCAGACCGTGCGGTATCTTATTCGCCATCGAAGCGGTCACACTGGGTGCCGCCGCCAACTTCACTCTTTCCGTTCTGTGAGCGAAAACCGAAAAGTCTGTGCTTTGGTAAGTGTTGCTAAAAGTTCGGAATAATGTTGCATCCCGAGCATTTTCGGGTACATAACTGTTCCACGGCGGTGGTCCAGCAAAGACTAATCGTTATCACGCCTTTCGCAGTTCTTAAATTCACCCGACGAGT,1.0
CGAATAGTGCATAAATAGACTGGATCACCAAAGATATTGTTTAATTAATTTGATTGAATTCAAAAAACTTTTTATCTTTGGCTGCAAAAGTTAGTTGAAACTTTTTGTAAAAGTGGTATGTGTAGTGCACAAGTTCCTTGGCCTGACTACCGCGTAAAAATCGAAATAAAAGTGACCGGATGTAAAAACTTGTTCTTTACTAGGTTATATTTACCCAGTCGTATGTGTTTTTATGAGAACAAATAGTTTTTAGTAACTATAAAATAATTTAAAAGATTTATTAATGTATTATGTAAATTAA,0.0
GGTGTCTGCAACTTGCCGCATTAGATACGGATCGCGATTCCTTCCGCTCGATCTTAGCGCCGTCCGAGGAATGGCTATATAAGGCCACGCGTGGGTCGCTTGGTTAACTCTTCTCGTTCAGAATGAAGCTCCTTTCAGCCGCATTGGTCCTGCTCATGTCATCGGCCTTGGCCATGGCCCAGAAGAATACGAACACGAATGAAAACAACATCGTTATTGGAAAAGTTTAAAATAAATACATACATATGTGATTAAACTGAAAGTGTAATTTTTCGTTGTGAATAGTGAGGAAATGTACTTG,0.0
TTAATTTAACTGACTCCCGATTTTTCAACACGAGCAGCTCCACTGCTGCTCACAGTTGTACGCGCGAACTCTGAATGCCAAAAGCGAAATTCGGCTGCACGGAAATTGTCCAGAGATGATTTGGTTCCGGCTGTGCGGACCTTAGAATGCTCTTCTGTGCTAAGCTATTTAAATCCTAATATTACTGGGAGTGTATTGCCTGTCGATAGCTTTAAACTAACTGCAGTCCAGTAAATTTTAAGATTTCGAAGGTTTTTTCGAATATAGTATATGATATAAAACGCGGGTTTCAATGCTTGCA,0.0
TAAATCAGAACTGTGCCCATGTCCCGCACCAGCCCGATCCACCCCAACTTACCCACGCTCCAGTCAAGGGCATGAGAGCCACCAAAATGAAGGCCACGGCACAGCAGCTTCGGATGACCTCCTTACGCATCTTGCTCCAACTATCCATTGAGGCTGGCTCTTATTCAATTAGTCAGTTTTTATATGTATGCAATTAGAATTAGTCAGGCCCCACTGGGCGACAAAGCGCTCCGAACATTAGGCCCAGCCACGTTGTCGTGGTGAATTAAGTCAACTAAGTGGGTGGACTTTGGAAAAGCAT,0.0
TCTTATAGGTCTGATACGTTGTTGATGCTAATCTGTGAGAAACTCATATAAATTCCATTACTTACGTAAATATTATTCCAAAACAACGTAATATAGTAGTAGACTTGGTTCCGCTGCCTTAGCCTATTCAATAAATAATATAATAATTTCTTAAATTATCCAATGTAAATAGTGGAATCTGACAGTACTTAAATGGCGGACGACTTGCATAATTATAAGCTACAATTGCAACAAGTGTGTATAATTAATTAAATAAAGTATATATTTTGGTGTGGTCTTGGTCAAGATTGTATATGTTTCG,0.0
GATGAGTTTCTGTGGAAATCATATATTATTAGAGAAAAAGCTGGTTTCTTTACATTATTATCAGTAAAGATAAGTTAAATAACTAAGGGGTGGGCACACTAATTTGATAACAGCGTCAACCACATGTCGGCTTTATTTATAATGTTGGAATCGAAATAAGTTAGGAAAGTGTGATTCAGTTTGGTATGTCTTTCCATAACTCTCCAAAATTAAATCTTAGCAATTTCTAATAAGTACTGTATGATTTCATTTATTGAACAATAGATATCAGTATGGATCAATTCATAACTTCGACTTTGAA,0.0
CAAAAAACTTTTGCCACGCGCACAATGCGCCCAAAACTACAGCGACCAAACTAGATATTTAGATTTTTCAATTATATTTCAGTCTCGTAAATGAATATCGTTTTGCTAATAAATGCTTAGAACGCCAACAATACCACAAAAAAATGTTTTATCTCTCTTGTCAATTTCTATCAGTATAAACACCTTTTGGCAACGCCACATTATACGGCCACTAACTGGTCAAAACACATCCACACATTTGAAAAAAATAAATTTGTTCTTATATTATTTGCTATTTTCCCAATTTCTTTTGATCTGAGTA,0.0
AGTTAAAGCTAACAATCCAGCAGACCTATTAGCTTACACGCTTTTGGTAAACCACCATTATTCAAATTTGCTATAAAAACATGCGTAACGTCTCAAATGCGTCAAAGACATTCAGCATGCGCTTCTCGATCGTAATTGTTCTTTCCGTCCTAGGATGCCTCCTGCTTAGCCAGGAGGGCAGTAGCAGCACATCTACATCCTCGACGACGACCACAACCACCGACTCCTCTGCCACCACTACCACGGCTTCGTCCGCCACCACTACCACCACTGCCTCTTCCGCATCCACCACGACCACTGC,1.0
CGTTGTGTGAGACCCTCTCAATTGTATTGCTAATTACTTGGTCATAGGCTCTCTGTGCCGCTTCATGCGAACTTGGCGCACTTTTGTCTAGAGCTCGCTTGAGTTCATCATCAGCGTTTGCCGCATTCGGTCGGGTTTAGTTGCGATTCAATCCAAAAGCTCTCGGCACCCACAGGTGTTCTCGTTGGAACTTTAGCTTTATAGATGTTAACCCGCGTTGGTGTTGTGAATTTTGAAGAGCCAGAACTTTTGTTCAGTGGGAGACCGATGTGACGTGGATATACTGCTCTGTGACACCATA,1.0
TTTGTATTACACACATTTTCTGTTGTTTCGTTCTGCGCGTTCTCCCTGTTGTGTGTGTGTGTGTGTGCGACGCCGCTTTTCGCTTGCTTTTACTTTCTGTGGCTTGTGATTGCGATTAAACGGGGTTTCCATCCGGCGAGTCGCGCTCTAGGCAGCGCCCGGAGAGCGCTTTAGACCTATATGTCTGGATCAGATAACGGGAACGGTGGCAGCGAGCCACGGCCGGAGAGAGACAGAGAGCGCAAAGAGCTATAGCTGGCTCTCATGTCGATGTCGAATGCGCGTGATTTTTTGGCTCTGA,0.0
GTAAGGTACCATGAAATGTCAGCAGCCTAATAGATTTAGCTCCACCCAATTACATAGCGAGCAGTTAATACATGTGCCGCGATCGTGAATATGAGCTCTTAGACACTCTGGATTTGCTGCGCTATGAAGATCTCCCTGGTTCACTTTTGCATCATCACGCTGGTGCTGCTGGTTTGCTGCTTCACTGTAGAAGTATCAATGTCGAAGACAAAAAAGTGTAAGCCCCCTCTTAAGTTGGCGCCTAAAAAAAATAAATGCCTTAAAGTAAAGCCGAAGAAGAAGCCAGATGGTGCCACAGGAT,1.0
TTGTGTTTGCGTTCTCCGTTCCGAAGACCGTAGACGGTAGACCGCAAACGGAAGACCGTAGAGCGTAGAGCGTGGAACATGGTGCGCTGACACTCCAGCGGGCCAGAGGCGAACGGCTGTTTCGCAGTCGCGGGACAGTCGCTACCGGCAGCTCGGCAGCGATCGTCGCCTTCTCGGTCGCAGTTGCAGTCGCAGTCGCAGTTGTAGTCACTAGCAGCGAGCTAGGTACATTCGCCGACGATCCCAAACAAAGCGTCAGAGCGGCCCAGAGCCCGAAAGACATCGAAACGGAGTGCGGACA,1.0
TCAGATACCCGTTAATCAGCTAGTGTGATTGCGAACGCAAAATTTTATAATTTTTCTGAGATATCGATAGATAATTGGGAAAAAAATGATAAAAAATTTAAAAATTGCTTAAAAGTGTGGGCGTGGCCGGCTTAGCGGCGTTTTTAGCAAATCGATAAAAATTTACAAGACTAAAACATTATGAAAAAATATCGAAAAAATTTTCTATAATTTGGGCGTGGCAGTTTTATGCGGTCTAAGTGTGTAAGAATGGGCGATAGAAATCGATATAAATTTACAAGACTAATAAAAATGTGAAAAG,0.0
CGATAGATGGCGTGTTAGTCCAGAGCTGGAAATCATTGATGTCGGCAGGTAAACCGATAAGATAGAACATCGGTTCAGTTCCATCTCTAATTTCGTTGCGAAAAAAATAAGAATCGAGGCATCGGTACGGACGTCAAAAACTGCAATTATAAGAGTACACGCACAGATTGTGGTTCTTGGCAGGCACAGACTTTCACTGCGTGTGACAGCGATCGCTAGTGCAAGTTACCCGTTCGCAGTCAAAGTGACACAGGCATCAGGATGAGCGCACCTGGCATGGACAAGAGAAAACTGTCGTAAG,1.0
TGACGCCATTCCGGGGCTCCCAAGTAGGCGATGATTTATGTCTGGCTAAAGGGTTTTCACGAATACCGGGCCTAATTGAGTTGCCCTTGATGGATCAGTCATTTTTAGAGTGCTGCTTGTCCAGTACCAAGTAGAAGTCGCTTTAGAACAATCTAAAATTCGACGTTGCTGTTTTTTTTGGTTTAACATTCTCTATATACATTTTTTTAAAAATATGGATATAACGGTACCGCCGCCGGACTCGCACTGGTCGTTGAGGTTTGTGGACATCGTGAAGCCTTTTCCAAAACATACTTTGGCC,1.0
GTATATCCGATTTTTTTTGAGCCTCTCATTATGCTCGATGTGCTGGCCTTGTTGCCTGGCTCGTCGCGTATATAAATCTAACGCGCTGCCCCGATCAGACATCACTTCTTTGGTGGAAACTTCAGTGACAAGTTTAGCTCCTGCTGTGATCAGTGCGCCATTTCGTATCCCACAATCGAGACCCTCGCCCCCGCTATAAGGATTTAAATCACTAGTTCTGCCCCCTCCAAAACTAAGTTCAGTCCGACATGAAGTTCTGTGCTGCCGTGGCTCTGCTACTGATCGCCGGCATTGTGGCCAG,1.0
TATTTTTATGTTTGAGTCAACATCGAGTTGCCGATGTTTGGAAAACATCGATGACATCGCTGTTGGCATCGAAATATGTCCATATCTAATATATAGTTCCATTCTGTTTTATTGGATTGAGTAAAGTTAGGTAATTTTTTATAAATGTGTTTCTTTCTTACATATTAAATACATTTTAATTATAACGTAGACAAAATGCAAGGTCTTGGTCTGCAAAGTCTTAAAAAAAATCCAGCTGTAAGTTTTATGATTATATTAAGTTATCTGTTGATTGCATAACAAAAATTTGTTCAGTTAATTC,1.0
CCGCTTTAAATATATGTAGTTTCCTCTGCTGCAATCGATAACTTGTGCTGCATCCCTCAGCCAGTGTTGCAAGCCTCTGCACAGCTGCCCACGACTTACGAGCACTGCAGATATAGCCCCAAGTGAAAAGTCGCTGGGAAAAATGGGATGCAAAAATAACTGAGAGTCAGGAGAGAACGCGACCACAAGAGGCAGTGAAACAGCACGGGCTACAGACAGTAGGACAAACAAACCGCCCAGCTTGGCCGACACGTATAAAGGCAACCGGCAACAAGAAGGGCCAACCGCTCTCTGTCCGCGT,1.0
AAGCACTGGCCGCGGGGCTATTAACAATACTGGATATGCCATTGCGAATTGATAGGGGTGCTCAATGGTTTTCTCACTGAGCCGAACTCTCTATCGATAATGTAATAACTCGATAGTTCGTTCATTTCAGATCTGGAGAATTGCACCAGCTGTTCTTCGTATCAGTATCAGTTCCGATTGGAAGCTAGGCTAAATTAAAACGGTAGTGCACTGTTTATTAATTATTAATTACAAAATAACTGTTCATTAAAGGGCATTAAATGATATAAATTATTATAATATGGTTTTTCCGGGCTTCCCC,0.0
AAATTATTTATTTTCCCAAATTTCACAAGCTTATAAGTGTGTGCGGATTAAAATTCTAACAATATAACAAGACTTACAACTTACAAAACAACTTATTTTATATTGAAATCTAGTACCAATTTAGTTGCTCTAAGTTGTGGCTTAACTAGGGTTCTTTAATTCGTAATCCAACTTGTTGCCGTAGGCGTAATACCCGAAATCAGAACACTTTTGTGAAATCGAAATGATGTGCATCCGACCACCCTCCCCGGAAACGCCTGATCCCCAGCCAGCGTTGCATATCGCGGAATTCATCAACATG,0.0
GAATACAAATCGAAAAGCTGAGCAAACATATCTGAATGTCAAGTGTAAGAACAAAATAATTACAATCTAGTATAAAAGCGCCCACTTTTTTCCATCTTACACACATTCAGCATGCGCTTCTCGATCGTAATTGTTCTTTCCGTCCTAGGATGCCTCCTGCTTAGCCAGGAGGGCAGTAGCAGCACATCTACATCCTCGACGACGACCACAACCACCGACTCCTCTGCCACCACTACCACGGCTTCGTCCGCCACCACTACCACCACTGCCTCTTCCGCATCCACCACGACCACTGCCTCCT,1.0
TACTTTATTGCATAGCCTAAGCTATCACAGCCTTACAACCCAACACTCCATCGCAGAAGTCTTCGTAAATTCCATTTTAAAATAAAAATTTAAAACACAAATGGTTTGGTCAGTTATGCATATAATAAACCCATTTTTTAGACCTAACTTTAATTTTTTTTCTTATTGTACTTTTCTTAAAATAAATTAAAAACATTTATTTTAAATTTTAAACTTAAGACTACGAAAAAGTGTACACTGTACAGCGTACATATCTTTTATTGCAAAATGGAACCAACAAGATCTTGAATTCGTAACAGTA,0.0
TCTATCAGTGTTTCCCCGACAGAAATAAAATAATAATAGACCCTAAATAAATTCCTAACTAATTTTATAAAATAGCTGGATCAGTTTCACTTCCATCGTTTCTGACATAAGGATGATTTTTTGATCTATCTTGACTACCTACTGTTTTGTTATGCAGTAAAATAGACGGCGGTTAAGCTAACCTTCTTAAAATATGAAAAATTTTCTCCGTAACCACGTACACTGGTTTTTTTTTTACTAAGACGTGAGTATTATTACTCTTGTCATTAAATGGCATTAAATTAACATGTATATGCGGATT,0.0
TCGGGTAACTCGACTATAGCATTCTCCCTTCTCTTCTTCTGTTCACAATTCCATTTCTATGTTATCGGAAGAAAAACTATATTTTGCTGCGTAAGCGAAACTAGAATTCGGGTGTTTAGTACCCAATTAACAGCTCTCAAAGTTCCCGAGATATTGGATTTCGTACGGACGGACGTGATAACGACGTTATAATTTCATGTTATTTTATAACATTTATCATAATCATATTAAGAATCTTATTTATGTGCTTAACATAATGTTTTCATAGTATTAAAAAAAAAAATCCAAAAACTTAGCGATT,0.0
AGAAGCACAAGAGTATTAAAAGTATATTATTATATTTCCTTGCATATCTTTTTCTATAACGCTGTCATAGACTGGAAATCTATATGATTCGGAGTGATTCTTTTGCAATTAAATTAACCTAAACTACATAAGTAGCACCTATTATTCTAGCAAAATAGCTATATTTCCAGCTAAGGCCAGACTATCAGCAAATTAGCTAAATGGACAACGCTGGTGCGCGACCGCTCTCTCTCTCACAAATCATGCGCAGTATCAGAATAAATGAGAGAGCGACGCATTTTAACTGAAAAAGAGAGAATAT,0.0
AATCCTGAATACTAAACATTTAGTAAAACTTAACATAAAAAATAAATATTATAATTCAAAGGGAAATCTTAAAATGGCTTAGAAAAAATCAATCTGGGTCCTTAAAACTGTGAGCCTGTTGTCAGTTGAGTTGAAATTTGGAAACCCGTAATGAGTCATCCTTAAATTTATTGTAATGCGCTTATACTTGACCTTTTTTGGAATATCAATAGTTTTTTTGGCGACCTTGCTTCAAATTCTTGCCATACACAGCACTGGGAATTGCACCTTCGCAAAGAATGTCACTCTAAAGTTCGTGTGC,0.0
GGCTGGGCCTAATGTTCGGAGCGCTTTGTCGCCCAGTGGGGCCTGACTAATTCTAATTGCATACATATAAAAACTGACTAATTGAATAAGAGCCAGCCTCAATGGATAGTTGGAGCAAGATGCGTAAGGAGGTCATCCGAAGCTGCTGTGCCGTGGCCTTCATTTTGGTGGCTCTCATGCCCTTGACTGGAGCGTGGGTAAGTTGGGGTGGATCGGGCTGGTGCGGGACATGGGCACAGTTCTGATTTATTGCCTTCGCCAGCGCTCTTTCAAGGTCATCCTCACGAGCATTGACTTTGAG,1.0
AATGTCTACTGTGTGCGTAAAATAAAATAAAAGCGATTAATTAAGCATTTTTATTCGTAAACTGTGCTTTTACAATTCAATTTATTGAGCCACAGAAATTTAGACTATTTTTGAAAAGCCAGTCCAAATTAGTCCTTTGTTGGATTCAAAAAAAGAGCTCGAGTCGTCGTTACATGGGCGAATTTAACATTTCATATGTTTTAAATGTTTAAATACAAATCGATACAATATATATATGTTATGAAATCACGAAAACGAGTATTAAAAATGTATTATTATGAATAATGTTTATAAATGTTCA,0.0
TAAATTGCATGTAAAATCATTAATAACGATTATATTCAGTTTGGCCGGAACGCCCTGCTCCGCTTCATCGGTCAAAATGTACTAACGCGTGGCACACGCCACACAGCTGCTGTGACACATATGGAGTAGAGTGGAACGACATGTTGCGCCTGTAAAAGGGAATCAGATCGACTGGGATTCAATTAAAAGGCGAGCCGCAGAGCTCCGAAGCGATTCTGTTAGGATGGGCGAACCGAAAGCCACCGCAGACCCTGGGGAGGAGCAGGCCTTCAACTGCGAGGACGAAGCCAACGCCATAATT,1.0
GGATGTGCTTAGTGTAATTTGCTTATAAAAACTACTTTATATTTTCATATTGCACTGTTTCATTTTGTTGGCCAACCCGTAACGTCACACATGTTCCACTATAAGAATAAATATACACATTAATAATAGTATCATCGCATAATTATATGAAACTATTGACAGAATGGATATAAGTGTCTTTGAATGGAAGAAAGTGGATCTTTTCAATATAATCGTCGTACCATTTGTAAAAATTCCGAACACGGCAGAAATATCGTGCTACTGCTTTCCCGAATCAAAATCAAGCACTGAGGAAAGAAAT,1.0
ATTCAGAAATTACATGTTTCTGAAAACTCTTTCCGATCAAAAACAACGAAACTATGTGTTGCATTATCTTCATTTATTTATACAGATAGCTTTAAAATTGCCAGAATACTTTCTGTCGAAACGACATTTGATACCGATCAAAAAAATAATTAACATGGTAATTAAAATGAAATGACGCCAATCCATCCAGATGATTTGGATGTATTACATCAGGTATTAAAATACTCTTTGATACAAGTATTTTTTATCGGCATGATGACTCTCATGTTTTTGCGTTAAAATTTATATAAGTAAATTTACA,0.0
ACGGTTTTAAGTGCCCAAACTTAGGGTGTAGCGCCCTTTTCAGTTCGCCCGTGTGGCGGTGCACTTAGTTAGCCAATTACGCGTCGTGGTGGGTATATTTATTGATGTGGCAACTTTGGGCGCAATAATAATAATATTGTACTTTTTTTGTTCATATTAGGTAAGAAATTCGAAATTATTTTTTATTATTTCATTTTATTATGTCATTCTTTTGTAGATATTTATTGATATAAATACTTACCCAGGGTTGCCACCCAGTGTATTGTATTTAACGTAGGCCCTGTGTGTACACACTGTTACA,0.0
CTCATCGCTCTGTTTGCCGAGGCTGGTTTTGTAGTTGCGGACGGGGAATAATTTGGGGCGCTTACCGCGTATAATTTATCTATGCATATGTTTGGAGATGCCAACAACAGCACGAGCTCGCGCTGAGGTAGCCCGAAAGTGGAGCCCTGCCCCACATAAATCACAGTCAACAGCACGCAAACGCAAGCTCAGCCAGCAACTCGCCCAGCAATCACCCTGCGTACCACCCACTCGAGCACCACCCACAACACCCCTTTTGTGTCGGCCTTAGCATCTGGCCTAATCGACGGAAAATCGGAGG,0.0
